qald_version,split,question_id,sentence_en,query
6,train,1,Give me all cosmonauts.,{'sparql': 'SELECT DISTINCT ?uri WHERE {  ?uri <http://www.w3.org/1999/02/22-rdf-syntax-ns#type> <http://dbpedia.org/ontology/Astronaut> . { ?uri <http://dbpedia.org/ontology/nationality> <http://dbpedia.org/resource/Russia> . } UNION { ?uri <http://dbpedia.org/ontology/nationality> <http://dbpedia.org/resource/Soviet_Union> . } } '}
6,train,10,In which country does the Ganges start?,{'sparql': 'SELECT DISTINCT ?uri WHERE {  <http://dbpedia.org/resource/Ganges> <http://dbpedia.org/property/sourceCountry> ?l . ?uri <http://www.w3.org/2000/01/rdf-schema#label> ?l . ?uri rdf:type <http://dbpedia.org/ontology/Country> . }'}
6,train,100,When is the movie Worst Case Scenario going to be in cinemas in the Netherlands?,{}
6,train,101,Which German cities have more than 250000 inhabitants?,{'sparql': 'SELECT DISTINCT ?uri WHERE { { ?uri <http://www.w3.org/1999/02/22-rdf-syntax-ns#type> <http://dbpedia.org/ontology/City> . } UNION { ?uri <http://www.w3.org/1999/02/22-rdf-syntax-ns#type> <http://dbpedia.org/ontology/Town> . }  ?uri <http://dbpedia.org/ontology/country> <http://dbpedia.org/resource/Germany> .  ?uri <http://dbpedia.org/ontology/populationTotal> ?population .  FILTER ( ?population > 250000 ) } '}
6,train,102,Who was John F. Kennedy's vice president?,{'sparql': 'SELECT DISTINCT ?uri WHERE { <http://dbpedia.org/resource/John_F._Kennedy> <http://dbpedia.org/ontology/vicePresident> ?uri . } '}
6,train,103,Who is the mayor of Tel Aviv?,{'sparql': 'SELECT DISTINCT ?uri WHERE {  <http://dbpedia.org/resource/Tel_Aviv> <http://dbpedia.org/ontology/leaderName> ?uri . } '}
6,train,104,How many students does the Free University in Amsterdam have?,{'sparql': 'SELECT DISTINCT ?num WHERE {  <http://dbpedia.org/resource/VU_University_Amsterdam> <http://dbpedia.org/ontology/numberOfStudents> ?num . } '}
6,train,105,What is the second highest mountain on Earth?,{'sparql': 'SELECT DISTINCT ?uri WHERE {  ?uri <http://www.w3.org/1999/02/22-rdf-syntax-ns#type> <http://dbpedia.org/ontology/Mountain> .  ?uri <http://dbpedia.org/ontology/elevation> ?elevation . } ORDER BY DESC(?elevation) OFFSET 1 LIMIT 1 '}
6,train,106,Give me all professional skateboarders from Sweden.,{'sparql': 'SELECT DISTINCT ?uri WHERE {  ?uri <http://dbpedia.org/ontology/occupation> <http://dbpedia.org/resource/Skateboarding> . { ?uri <http://dbpedia.org/ontology/birthPlace> <http://dbpedia.org/resource/Sweden> . } UNION { ?uri <http://dbpedia.org/ontology/birthPlace> ?place .  ?place <http://dbpedia.org/ontology/country> <http://dbpedia.org/resource/Sweden> . } } '}
6,train,107,When was Alberta admitted as province?,{'sparql': 'SELECT DISTINCT ?date WHERE {  <http://dbpedia.org/resource/Alberta> <http://dbpedia.org/property/admittancedate> ?date . } '}
6,train,108,To which countries does the Himalayan mountain system extend?,{'sparql': 'SELECT DISTINCT ?uri WHERE {  <http://dbpedia.org/resource/Himalayas> <http://dbpedia.org/property/country> ?uri . } '}
6,train,109,Give me a list of all bandleaders that play trumpet.,{'sparql': 'SELECT DISTINCT ?uri WHERE {  ?uri <http://dbpedia.org/ontology/occupation> <http://dbpedia.org/resource/Bandleader> .  ?uri <http://dbpedia.org/ontology/instrument> <http://dbpedia.org/resource/Trumpet> . } '}
6,train,11,Which countries have more than ten caves?,{'sparql': 'SELECT DISTINCT ?uri WHERE {  ?uri <http://www.w3.org/1999/02/22-rdf-syntax-ns#type> <http://dbpedia.org/ontology/Country> .  ?cave <http://www.w3.org/1999/02/22-rdf-syntax-ns#type> <http://dbpedia.org/ontology/Cave> . { ?cave <http://dbpedia.org/ontology/location> ?uri . } UNION { ?cave <http://dbpedia.org/ontology/location> ?loc .  ?loc <http://dbpedia.org/ontology/country> ?uri . } } GROUP BY ?uri HAVING(COUNT(?cave) > 10) '}
6,train,110,What is the total amount of men and women serving in the FDNY?,{'sparql': 'SELECT DISTINCT ?num WHERE {  <http://dbpedia.org/resource/New_York_City_Fire_Department> <http://dbpedia.org/property/employees> ?num . } '}
6,train,200,Who produces Orangina?,{'sparql': 'SELECT DISTINCT ?uri WHERE {  ?uri <http://dbpedia.org/ontology/product> <http://dbpedia.org/resource/Orangina> . } '}
6,train,111,Who is the Formula 1 race driver with the most races?,{'sparql': 'SELECT DISTINCT ?uri WHERE {  ?uri <http://www.w3.org/1999/02/22-rdf-syntax-ns#type> <http://dbpedia.org/ontology/FormulaOneRacer> .  ?uri <http://dbpedia.org/ontology/races> ?x . } ORDER BY DESC(?x) OFFSET 0 LIMIT 1 '}
6,train,112,Give me all world heritage sites designated within the past two years.,"{'sparql': ""SELECT DISTINCT ?uri WHERE {  ?uri <http://www.w3.org/1999/02/22-rdf-syntax-ns#type> <http://dbpedia.org/ontology/WorldHeritageSite> . { ?uri <http://dbpedia.org/property/year> '2013'^^xsd:integer . } UNION { ?uri <http://dbpedia.org/property/year> '2014'^^xsd:integer . } } ""}"
6,train,113,Who is the youngest player in the Premier League?,{'sparql': 'SELECT DISTINCT ?uri WHERE {  ?uri <http://dbpedia.org/ontology/team> ?x .  ?x <http://dbpedia.org/ontology/league> <http://dbpedia.org/resource/Premier_League> .  ?uri <http://dbpedia.org/ontology/birthDate> ?y . } ORDER BY DESC(?y) OFFSET 0 LIMIT 1 '}
6,train,114,Give me all members of Prodigy.,{'sparql': 'SELECT DISTINCT ?uri WHERE {  <http://dbpedia.org/resource/The_Prodigy> <http://dbpedia.org/ontology/bandMember> ?uri . } '}
6,train,115,What is the longest river?,{'sparql': 'SELECT DISTINCT ?uri WHERE {  ?uri <http://www.w3.org/1999/02/22-rdf-syntax-ns#type> <http://dbpedia.org/ontology/River> . { ?uri <http://dbpedia.org/ontology/length> ?l . } UNION { ?uri <http://dbpedia.org/property/length> ?l . } } ORDER BY DESC(?l) OFFSET 0 LIMIT 1 '}
6,train,116,Does Breaking Bad have more episodes than Game of Thrones?,{'sparql': 'ASK WHERE {  <http://dbpedia.org/resource/Breaking_Bad> <http://dbpedia.org/ontology/numberOfEpisodes> ?x .  <http://dbpedia.org/resource/Game_of_Thrones> <http://dbpedia.org/ontology/numberOfEpisodes> ?y .  FILTER (?x > ?y) } '}
6,train,117,Give me all cars that are produced in Germany.,{'sparql': 'SELECT DISTINCT ?uri WHERE {  ?uri <http://www.w3.org/1999/02/22-rdf-syntax-ns#type> <http://dbpedia.org/ontology/Automobile> . { ?uri <http://dbpedia.org/ontology/assembly> <http://dbpedia.org/resource/Germany> . } UNION { ?uri <http://dbpedia.org/property/assembly> <http://dbpedia.org/resource/Germany> . } UNION { { ?uri <http://dbpedia.org/ontology/manufacturer> ?x . }  UNION  { ?uri <http://dbpedia.org/property/manufacturer> ?x . }  { ?x <http://dbpedia.org/ontology/locationCountry> <http://dbpedia.org/resource/Germany> . }  UNION  { ?x <http://dbpedia.org/ontology/location> <http://dbpedia.org/resource/Germany> . } } } '}
6,train,118,What were the main discoveries of the Mars rover Curiosity?,{}
6,train,119,Give me all people that were born in Vienna and died in Berlin.,{'sparql': 'SELECT DISTINCT ?uri WHERE {  ?uri <http://dbpedia.org/ontology/birthPlace> <http://dbpedia.org/resource/Vienna> .  ?uri <http://dbpedia.org/ontology/deathPlace> <http://dbpedia.org/resource/Berlin> . } '}
6,train,12,Is proinsulin a protein?,{'sparql': 'ASK WHERE {  <http://dbpedia.org/resource/Proinsulin> <http://www.w3.org/1999/02/22-rdf-syntax-ns#type> <http://dbpedia.org/ontology/Protein> . } '}
6,train,120,How tall is Michael Jordan?,{'sparql': 'SELECT DISTINCT ?num WHERE {  <http://dbpedia.org/resource/Michael_Jordan> <http://dbpedia.org/ontology/height> ?num . } '}
6,train,121,What is the capital of Canada?,{'sparql': 'SELECT DISTINCT ?uri WHERE {  <http://dbpedia.org/resource/Canada> <http://dbpedia.org/ontology/capital> ?uri . } '}
6,train,122,Who is the governor of Wyoming?,{'sparql': 'SELECT DISTINCT ?uri WHERE {  <http://dbpedia.org/resource/Wyoming> <http://dbpedia.org/property/governor> ?uri . } '}
6,train,123,Do Prince Harry and Prince William have the same parents?,"{'sparql': 'ASK WHERE {  <http://dbpedia.org/resource/Prince_William,_Duke_of_Cambridge> <http://dbpedia.org/ontology/parent> ?x .  <http://dbpedia.org/resource/Prince_Harry> <http://dbpedia.org/ontology/parent> ?x . } '}"
6,train,124,Who was the father of Queen Elizabeth II?,{'sparql': 'SELECT DISTINCT ?uri WHERE {  <http://dbpedia.org/resource/Elizabeth_II> <http://dbpedia.org/property/father> ?uri . } '}
6,train,125,Which U.S. state has been admitted latest?,{'sparql': 'SELECT DISTINCT ?uri WHERE {  ?uri <http://www.w3.org/1999/02/22-rdf-syntax-ns#type> <http://dbpedia.org/class/yago/StatesOfTheUnitedStates> .  ?uri <http://dbpedia.org/property/admittancedate> ?x . } ORDER BY DESC(?x) OFFSET 0 LIMIT 1 '}
6,train,126,How many languages are spoken in Turkmenistan?,{'sparql': 'SELECT (COUNT(DISTINCT ?x) as ?c) WHERE {  <http://dbpedia.org/resource/Turkmenistan> <http://dbpedia.org/ontology/language> ?x . } '}
6,train,127,Butch Otter is the governor of which U.S. state?,{'sparql': 'SELECT DISTINCT ?uri WHERE {  ?uri <http://www.w3.org/1999/02/22-rdf-syntax-ns#type> <http://dbpedia.org/class/yago/StatesOfTheUnitedStates> .  ?uri <http://dbpedia.org/property/governor> <http://dbpedia.org/resource/Butch_Otter> . }'}
6,train,128,Give me all movies directed by Francis Ford Coppola.,{'sparql': 'SELECT DISTINCT ?uri WHERE {  ?uri <http://www.w3.org/1999/02/22-rdf-syntax-ns#type> <http://dbpedia.org/ontology/Film> .  ?uri <http://dbpedia.org/ontology/director> <http://dbpedia.org/resource/Francis_Ford_Coppola> . } '}
6,train,129,Give me all actors starring in movies directed by William Shatner.,{'sparql': 'SELECT DISTINCT ?uri WHERE {  ?x <http://dbpedia.org/ontology/director> <http://dbpedia.org/resource/William_Shatner> .  ?x <http://dbpedia.org/ontology/starring> ?uri . } '}
6,train,13,Are tree frogs a type of amphibian?,{'sparql': 'ASK WHERE {  <http://dbpedia.org/resource/Hylidae> <http://dbpedia.org/ontology/class> <http://dbpedia.org/resource/Amphibian> . } '}
6,train,130,What is the birth name of Angela Merkel?,{'sparql': 'SELECT DISTINCT ?string WHERE {  <http://dbpedia.org/resource/Angela_Merkel> <http://dbpedia.org/ontology/birthName> ?string . } '}
6,train,131,Give me all Methodist politicians.,{'sparql': 'SELECT DISTINCT ?uri WHERE {  ?uri <http://www.w3.org/1999/02/22-rdf-syntax-ns#type> <http://dbpedia.org/ontology/Politician> .  ?uri <http://dbpedia.org/ontology/religion> <http://dbpedia.org/resource/Methodism> . } '}
6,train,132,How often did Jane Fonda marry?,{'sparql': 'SELECT (COUNT(DISTINCT ?uri) as ?c) WHERE {  <http://dbpedia.org/resource/Jane_Fonda> <http://dbpedia.org/ontology/spouse> ?uri . } '}
6,train,133,Give me all Australian nonprofit organizations.,{'sparql': 'SELECT DISTINCT ?uri WHERE {  ?uri <http://dbpedia.org/ontology/type> <http://dbpedia.org/resource/Nonprofit_organization> . { ?uri <http://dbpedia.org/ontology/locationCountry> <http://dbpedia.org/resource/Australia> . } UNION { ?uri <http://dbpedia.org/ontology/location> ?x .  ?x <http://dbpedia.org/ontology/country> <http://dbpedia.org/resource/Australia> . } } '}
6,train,134,In which military conflicts did Lawrence of Arabia participate?,{'sparql': 'SELECT DISTINCT ?uri WHERE {  <http://dbpedia.org/resource/T._E._Lawrence> <http://dbpedia.org/ontology/battle> ?uri . } '}
6,train,135,Who developed Minecraft?,{'sparql': 'SELECT DISTINCT ?uri WHERE {  <http://dbpedia.org/resource/Minecraft> <http://dbpedia.org/ontology/developer> ?uri . } '}
6,train,136,What is the melting point of copper?,{}
6,train,137,Give me all sister cities of Brno.,{}
6,train,138,How many inhabitants does Maribor have?,{'sparql': 'SELECT DISTINCT ?num WHERE {  <http://dbpedia.org/resource/Maribor> <http://dbpedia.org/ontology/populationTotal> ?num . } '}
6,train,139,Give me all companies in Munich.,{'sparql': 'SELECT DISTINCT ?uri WHERE {  ?uri <http://www.w3.org/1999/02/22-rdf-syntax-ns#type> <http://dbpedia.org/ontology/Company> . { ?uri <http://dbpedia.org/ontology/location> <http://dbpedia.org/resource/Munich> . } UNION { ?uri <http://dbpedia.org/ontology/headquarter> <http://dbpedia.org/resource/Munich> . } UNION { ?uri <http://dbpedia.org/ontology/locationCity> <http://dbpedia.org/resource/Munich> . } } '}
6,train,14,How tall is Amazon Eve?,{'sparql': 'SELECT DISTINCT ?height WHERE {  <http://dbpedia.org/resource/Amazon_Eve> <http://dbpedia.org/ontology/height> ?height . } '}
6,train,140,List all games by GMT.,{'sparql': 'SELECT DISTINCT ?uri WHERE {  ?uri <http://dbpedia.org/ontology/publisher> <http://dbpedia.org/resource/GMT_Games> . } '}
6,train,141,Who founded Intel?,{'sparql': 'SELECT DISTINCT ?uri WHERE {  <http://dbpedia.org/resource/Intel> <http://dbpedia.org/ontology/foundedBy> ?uri . } '}
6,train,142,Who is the husband of Amanda Palmer?,{'sparql': 'SELECT DISTINCT ?uri WHERE {  <http://dbpedia.org/resource/Amanda_Palmer> <http://dbpedia.org/property/spouse> ?uri . } '}
6,train,143,Give me all breeds of the German Shepherd dog.,{'sparql': 'SELECT DISTINCT ?uri WHERE {  ?uri <http://dbpedia.org/property/breed> <http://dbpedia.org/resource/German_Shepherd> . } '}
6,train,144,Which cities does the Weser flow through?,{'sparql': 'SELECT DISTINCT ?uri WHERE {  <http://dbpedia.org/resource/Weser> <http://dbpedia.org/ontology/city> ?uri . } '}
6,train,145,Which countries are connected by the Rhine?,{'sparql': 'SELECT DISTINCT ?uri WHERE {  <http://dbpedia.org/resource/Rhine> <http://dbpedia.org/property/country> ?string .  ?uri <http://www.w3.org/1999/02/22-rdf-syntax-ns#type> <http://dbpedia.org/ontology/Country> .  ?uri <http://www.w3.org/2000/01/rdf-schema#label> ?string . } '}
6,train,146,Which professional surfers were born in Australia?,{'sparql': 'SELECT DISTINCT ?uri WHERE {  ?uri <http://dbpedia.org/ontology/occupation> <http://dbpedia.org/resource/Surfing> . { ?uri <http://dbpedia.org/ontology/birthPlace> <http://dbpedia.org/resource/Australia> . } UNION { ?uri <http://dbpedia.org/ontology/birthPlace> ?x .  ?x <http://dbpedia.org/ontology/country> <http://dbpedia.org/resource/Australia> . } } '}
6,train,147,What is the average temperature on Hawaii?,{}
6,train,148,In which UK city are the headquarters of the MI6?,{'sparql': 'SELECT DISTINCT ?uri WHERE {  <http://dbpedia.org/resource/Secret_Intelligence_Service> <http://dbpedia.org/ontology/headquarter> ?uri .  ?uri <http://dbpedia.org/ontology/country> <http://dbpedia.org/resource/United_Kingdom> . } '}
6,train,149,Which weapons did Heckler & Koch develop?,{'sparql': 'SELECT DISTINCT ?uri WHERE {  ?uri <http://www.w3.org/1999/02/22-rdf-syntax-ns#type> <http://dbpedia.org/ontology/Weapon> . ?uri <http://dbpedia.org/property/designer> <http://dbpedia.org/resource/Heckler_&_Koch> .  }'}
6,train,15,Who created Goofy?,{'sparql': 'SELECT DISTINCT ?uri WHERE {  <http://dbpedia.org/resource/Goofy> <http://dbpedia.org/ontology/creator> ?uri . } '}
6,train,150,Was the Cuban Missile Crisis earlier than the Bay of Pigs Invasion?,{'sparql': 'ASK WHERE {  <http://dbpedia.org/resource/Cuban_Missile_Crisis> <http://dbpedia.org/ontology/date> ?x .  <http://dbpedia.org/resource/Bay_of_Pigs_Invasion> <http://dbpedia.org/ontology/date> ?y .  FILTER (?x < ?y) } '}
6,train,151,Give me all islands that belong to Japan.,{'sparql': 'SELECT DISTINCT ?uri WHERE {  ?uri <http://www.w3.org/1999/02/22-rdf-syntax-ns#type> <http://dbpedia.org/ontology/Island> .  ?uri <http://dbpedia.org/ontology/country> <http://dbpedia.org/resource/Japan> . } '}
6,train,152,Who invented the zipper?,{}
6,train,153,What is the ruling party in Lisbon?,{'sparql': 'SELECT DISTINCT ?uri WHERE {  <http://dbpedia.org/resource/Lisbon> <http://dbpedia.org/property/leaderParty> ?uri . } '}
6,train,154,What are the nicknames of San Francisco?,{'sparql': 'SELECT DISTINCT ?string WHERE {  <http://dbpedia.org/resource/San_Francisco> <http://dbpedia.org/property/nickname> ?string . } '}
6,train,155,Which Greek goddesses dwelt on Mount Olympus?,{'sparql': 'SELECT DISTINCT ?uri WHERE {  ?uri <http://www.w3.org/1999/02/22-rdf-syntax-ns#type> <http://dbpedia.org/class/yago/GreekGoddesses> .  ?uri <http://dbpedia.org/property/abode> <http://dbpedia.org/resource/Mount_Olympus> . } '}
6,train,156,When were the Hells Angels founded?,{'sparql': 'SELECT DISTINCT ?date WHERE {  <http://dbpedia.org/resource/Hells_Angels> <http://dbpedia.org/property/founded> ?date . } '}
6,train,157,Give me all Apollo 14 astronauts.,{'sparql': 'SELECT DISTINCT ?uri WHERE {  ?uri <http://dbpedia.org/ontology/mission> <http://dbpedia.org/resource/Apollo_14> . } '}
6,train,158,What is the time zone of Salt Lake City?,{'sparql': 'SELECT DISTINCT ?uri WHERE {  <http://dbpedia.org/resource/Salt_Lake_City> <http://dbpedia.org/property/timezone> ?uri . } '}
6,train,159,Which U.S. states are in the same time zone as Utah?,{'sparql': 'SELECT DISTINCT ?uri WHERE {  <http://dbpedia.org/resource/Utah> <http://dbpedia.org/property/timezone> ?x .  ?uri <http://www.w3.org/1999/02/22-rdf-syntax-ns#type> <http://dbpedia.org/class/yago/StatesOfTheUnitedStates> .  ?uri <http://dbpedia.org/property/timezone> ?x .  FILTER (?uri != <http://dbpedia.org/resource/Utah>) } '}
6,train,16,Give me the capitals of all countries in Africa.,{'sparql': 'SELECT DISTINCT ?uri WHERE {  ?states <http://www.w3.org/1999/02/22-rdf-syntax-ns#type> <http://dbpedia.org/class/yago/AfricanCountries> .  ?states <http://dbpedia.org/ontology/capital> ?uri . } '}
6,train,160,Give me a list of all lakes in Denmark.,{'sparql': 'SELECT DISTINCT ?uri WHERE {  { ?uri <http://www.w3.org/1999/02/22-rdf-syntax-ns#type> <http://dbpedia.org/ontology/Lake> .  ?uri <http://dbpedia.org/ontology/country> <http://dbpedia.org/resource/Denmark> . }  UNION  { ?uri <http://www.w3.org/1999/02/22-rdf-syntax-ns#type> <http://dbpedia.org/class/yago/LakesOfDenmark> . } } '}
6,train,161,How many missions does the Soyuz programme have?,{'sparql': 'SELECT (COUNT(DISTINCT ?uri) as ?c) WHERE {  ?uri <http://dbpedia.org/property/programme> <http://dbpedia.org/resource/Soyuz_programme> . } '}
6,train,162,Did Socrates influence Aristotle?,{'sparql': 'ASK WHERE {  <http://dbpedia.org/resource/Socrates> <http://dbpedia.org/ontology/influenced> <http://dbpedia.org/resource/Aristotle> . } '}
6,train,163,Give me all Danish movies.,{'sparql': 'SELECT DISTINCT ?uri WHERE {  ?uri <http://www.w3.org/1999/02/22-rdf-syntax-ns#type> <http://dbpedia.org/ontology/Film> .  ?uri <http://dbpedia.org/ontology/country> <http://dbpedia.org/resource/Denmark> . } '}
6,train,164,Give me all launch pads operated by NASA.,{'sparql': 'SELECT DISTINCT ?uri WHERE {  ?uri <http://www.w3.org/1999/02/22-rdf-syntax-ns#type> <http://dbpedia.org/ontology/LaunchPad> .  ?uri <http://dbpedia.org/ontology/operator> <http://dbpedia.org/resource/NASA> . } '}
6,train,165,Which instruments does Cat Stevens play?,{'sparql': 'SELECT DISTINCT ?uri WHERE {  <http://dbpedia.org/resource/Cat_Stevens> <http://dbpedia.org/ontology/instrument> ?uri . } '}
6,train,166,Which ships were called after Benjamin Franklin?,{'sparql': 'SELECT DISTINCT ?uri WHERE {  ?uri <http://dbpedia.org/property/shipNamesake> <http://dbpedia.org/resource/Benjamin_Franklin> . } '}
6,train,167,Who are the parents of the wife of Juan Carlos I?,{'sparql': 'SELECT DISTINCT ?uri WHERE {  <http://dbpedia.org/resource/Juan_Carlos_I_of_Spain> <http://dbpedia.org/ontology/spouse> ?x .  ?x <http://dbpedia.org/ontology/parent> ?uri . } '}
6,train,168,How many employees does Google have?,{'sparql': 'SELECT DISTINCT ?num WHERE {  <http://dbpedia.org/resource/Google> <http://dbpedia.org/ontology/numberOfEmployees> ?num . } '}
6,train,169,Did Tesla win a nobel prize in physics?,{'sparql': 'ASK WHERE {  <http://dbpedia.org/resource/Nikola_Tesla> <http://dbpedia.org/ontology/award> <http://dbpedia.org/resource/Nobel_Prize_in_Physics> . } '}
6,train,17,Give me all cities in New Jersey with more than 100000 inhabitants.,{'sparql': 'SELECT DISTINCT ?uri WHERE {  ?uri <http://www.w3.org/1999/02/22-rdf-syntax-ns#type> <http://dbpedia.org/ontology/City> .  ?uri <http://dbpedia.org/ontology/isPartOf> <http://dbpedia.org/resource/New_Jersey> .  ?uri <http://dbpedia.org/ontology/populationTotal> ?inhabitants .  FILTER (?inhabitants > 100000) . } '}
6,train,170,Is Rita Wilson the wife of Tom Hanks?,{'sparql': 'ASK WHERE {  <http://dbpedia.org/resource/Tom_Hanks> <http://dbpedia.org/ontology/spouse> <http://dbpedia.org/resource/Rita_Wilson> . } '}
6,train,171,When was the Statue of Liberty built?,{'sparql': 'SELECT DISTINCT ?date WHERE {  <http://dbpedia.org/resource/Statue_of_Liberty> <http://dbpedia.org/property/beginningDate> ?date . } '}
6,train,172,Where is Fort Knox located?,{'sparql': 'SELECT DISTINCT ?uri WHERE {  <http://dbpedia.org/resource/Fort_Knox> <http://dbpedia.org/property/location> ?uri . }'}
6,train,173,How many children did Benjamin Franklin have?,{'sparql': 'SELECT (COUNT(DISTINCT ?uri) as ?c) WHERE {  <http://dbpedia.org/resource/Benjamin_Franklin> <http://dbpedia.org/ontology/child> ?uri . } '}
6,train,174,When did Michael Jackson die?,{'sparql': 'SELECT DISTINCT ?date WHERE {  <http://dbpedia.org/resource/Michael_Jackson> <http://dbpedia.org/ontology/deathDate> ?date . } '}
6,train,175,Which Chess players died in the same place they were born in?,{'sparql': 'SELECT DISTINCT ?uri WHERE {  ?uri <http://www.w3.org/1999/02/22-rdf-syntax-ns#type> <http://dbpedia.org/ontology/ChessPlayer> .  ?uri <http://dbpedia.org/ontology/birthPlace> ?x .  ?uri <http://dbpedia.org/ontology/deathPlace> ?y .  FILTER (?x = ?y) . } '}
6,train,176,List the children of Margaret Thatcher.,{'sparql': 'SELECT DISTINCT ?uri WHERE {  <http://dbpedia.org/resource/Margaret_Thatcher> <http://dbpedia.org/ontology/child> ?uri . } '}
6,train,177,Who was called Frank The Tank?,"{'sparql': ""SELECT DISTINCT ?uri WHERE {  ?uri <http://dbpedia.org/property/nickname> 'Frank The Tank'@en . } ""}"
6,train,178,Was Margaret Thatcher a chemist?,{'sparql': 'ASK WHERE {  <http://dbpedia.org/resource/Margaret_Thatcher> <http://dbpedia.org/ontology/profession> <http://dbpedia.org/resource/Chemist> . } '}
6,train,179,Was Marc Chagall a jew?,"{'sparql': ""ASK WHERE { <http://dbpedia.org/resource/Marc_Chagall> <http://dbpedia.org/property/ethnicity> 'Jewish'@en . } ""}"
6,train,18,Which museum exhibits The Scream by Munch?,{'sparql': 'SELECT DISTINCT ?uri WHERE { <http://dbpedia.org/resource/The_Scream> <http://dbpedia.org/ontology/museum> ?uri . } '}
6,train,180,Give me all books by William Goldman with more than 300 pages.,{'sparql': 'SELECT DISTINCT ?uri WHERE {  ?uri <http://www.w3.org/1999/02/22-rdf-syntax-ns#type> <http://dbpedia.org/ontology/Book> .  ?uri <http://dbpedia.org/ontology/author> <http://dbpedia.org/resource/William_Goldman> .  ?uri <http://dbpedia.org/ontology/numberOfPages> ?x .  FILTER (?x > 300) } '}
6,train,181,Which books by Kerouac were published by Viking Press?,{'sparql': 'SELECT DISTINCT ?uri WHERE {  ?uri <http://www.w3.org/1999/02/22-rdf-syntax-ns#type> <http://dbpedia.org/ontology/Book> .  ?uri <http://dbpedia.org/ontology/publisher> <http://dbpedia.org/resource/Viking_Press> .  ?uri <http://dbpedia.org/ontology/author> <http://dbpedia.org/resource/Jack_Kerouac> . } '}
6,train,182,Give me a list of all American inventions.,{'sparql': 'SELECT DISTINCT ?uri WHERE {  ?uri <http://www.w3.org/1999/02/22-rdf-syntax-ns#type> <http://dbpedia.org/class/yago/AmericanInventions> . } '}
6,train,183,How high is the Mount Everest?,{'sparql': 'SELECT DISTINCT ?num WHERE {  <http://dbpedia.org/resource/Mount_Everest> <http://dbpedia.org/ontology/elevation> ?num. } '}
6,train,184,Who created Batman?,{'sparql': 'SELECT DISTINCT ?uri WHERE {  <http://dbpedia.org/resource/Batman> <http://dbpedia.org/ontology/creator> ?uri . } '}
6,train,185,How many people live in the capital of Australia?,{'sparql': 'SELECT DISTINCT ?num WHERE {  <http://dbpedia.org/resource/Australia> <http://dbpedia.org/ontology/capital> ?x .  ?x <http://dbpedia.org/ontology/populationTotal> ?num . } '}
6,train,186,What is the largest city in Australia?,{'sparql': 'SELECT DISTINCT ?uri WHERE { <http://dbpedia.org/resource/Australia> <http://dbpedia.org/ontology/largestCity> ?uri . } '}
6,train,187,Who composed the music for Harold and Maude?,{'sparql': 'SELECT DISTINCT ?uri WHERE { <http://dbpedia.org/resource/Harold_and_Maude> <http://dbpedia.org/ontology/musicComposer> ?uri . } '}
6,train,188,Which films starring Clint Eastwood did he direct himself?,{'sparql': 'SELECT DISTINCT ?uri WHERE {  ?uri <http://dbpedia.org/ontology/director> <http://dbpedia.org/resource/Clint_Eastwood> .  ?uri <http://dbpedia.org/ontology/starring> <http://dbpedia.org/resource/Clint_Eastwood> . } '}
6,train,189,In which city was the former Dutch queen Juliana buried?,{'sparql': 'SELECT DISTINCT ?uri WHERE {  <http://dbpedia.org/resource/Juliana_of_the_Netherlands> <http://dbpedia.org/ontology/restingPlace> ?uri.  ?uri <http://www.w3.org/1999/02/22-rdf-syntax-ns#type> <http://dbpedia.org/ontology/Settlement> . } '}
6,train,19,Is Egypts largest city also its capital?,{'sparql': 'ASK WHERE {  <http://dbpedia.org/resource/Egypt> <http://dbpedia.org/ontology/largestCity> ?large .  <http://dbpedia.org/resource/Egypt> <http://dbpedia.org/ontology/capital> ?capital .  FILTER (?large = ?capital) } '}
6,train,190,Where is the residence of the prime minister of Spain?,{'sparql': 'SELECT DISTINCT ?uri WHERE {  <http://dbpedia.org/resource/Prime_Minister_of_Spain> <http://dbpedia.org/property/residence> ?uri . } '}
6,train,191,Which U.S. state has the abbreviation MN?,"{'sparql': ""SELECT DISTINCT ?uri WHERE {  ?uri <http://www.w3.org/1999/02/22-rdf-syntax-ns#type> <http://dbpedia.org/class/yago/StatesOfTheUnitedStates> .  ?uri <http://dbpedia.org/property/postalabbreviation> 'MN'@en . } ""}"
6,train,192,Show me all songs from Bruce Springsteen released between 1980 and 1990.,"{'sparql': ""SELECT DISTINCT ?uri WHERE {  ?uri <http://www.w3.org/1999/02/22-rdf-syntax-ns#type> <http://dbpedia.org/ontology/Song> .  ?uri <http://dbpedia.org/ontology/artist> <http://dbpedia.org/resource/Bruce_Springsteen> .  ?uri <http://dbpedia.org/ontology/releaseDate> ?date .  FILTER (?date >= '1980-01-01'^^xsd:date && ?date <= '1990-12-31'^^xsd:date) } ""}"
6,train,193,Which movies did Kurosawa direct?,{'sparql': 'SELECT DISTINCT ?uri WHERE {  ?uri <http://www.w3.org/1999/02/22-rdf-syntax-ns#type> <http://dbpedia.org/ontology/Film> .  ?uri <http://dbpedia.org/ontology/director> <http://dbpedia.org/resource/Akira_Kurosawa> . } '}
6,train,194,What is the founding year of the brewery that produces Pilsner Urquell?,{'sparql': 'SELECT DISTINCT ?num WHERE {  <http://dbpedia.org/resource/Pilsner_Urquell> <http://dbpedia.org/property/brewery> ?uri .  ?uri <http://dbpedia.org/property/foundation> ?num . } '}
6,train,195,Who wrote the lyrics for the Polish national anthem?,{'sparql': 'SELECT DISTINCT ?uri WHERE {  <http://dbpedia.org/resource/Poland> <http://dbpedia.org/ontology/anthem> ?x .  ?x <http://dbpedia.org/property/author> ?uri . } '}
6,train,196,Give me all B-sides of the Ramones.,{'sparql': 'SELECT DISTINCT ?string WHERE {  ?x <http://dbpedia.org/ontology/musicalArtist> <http://dbpedia.org/resource/Ramones> .  ?x <http://dbpedia.org/ontology/bSide> ?string . } '}
6,train,197,Who painted The Storm on the Sea of Galilee?,{'sparql': 'SELECT DISTINCT ?uri WHERE {  <http://dbpedia.org/resource/The_Storm_on_the_Sea_of_Galilee> <http://dbpedia.org/property/artist> ?uri . } '}
6,train,198,Which country does the creator of Miffy come from?,{'sparql': 'SELECT DISTINCT ?uri WHERE {  <http://dbpedia.org/resource/Miffy> <http://dbpedia.org/ontology/creator> ?x .  ?x <http://dbpedia.org/ontology/nationality> ?uri . } '}
6,train,199,For which label did Elvis record his first album?,{'sparql': 'SELECT DISTINCT ?uri WHERE {  ?x <http://www.w3.org/1999/02/22-rdf-syntax-ns#type> <http://dbpedia.org/ontology/Album> .  ?x <http://dbpedia.org/ontology/artist> <http://dbpedia.org/resource/Elvis_Presley> .  ?x <http://dbpedia.org/ontology/releaseDate> ?y .  ?x <http://dbpedia.org/ontology/recordLabel> ?uri . } ORDER BY ASC(?y) OFFSET 0 LIMIT 1 '}
6,train,2,Give me the birthdays of all actors of the television show Charmed.,{'sparql': 'SELECT DISTINCT ?date WHERE {  <http://dbpedia.org/resource/Charmed> <http://dbpedia.org/ontology/starring> ?actor .  ?actor <http://dbpedia.org/ontology/birthDate> ?date . } '}
6,train,20,How many employees does IBM have?,{'sparql': 'SELECT DISTINCT ?number WHERE {  <http://dbpedia.org/resource/IBM> <http://dbpedia.org/ontology/numberOfEmployees> ?number . } '}
6,train,21,Which states border Illinois?,{'sparql': 'SELECT DISTINCT ?uri WHERE {  <http://dbpedia.org/resource/Illinois> <http://dbpedia.org/property/borderingstates> ?uri . } '}
6,train,22,In which country is the Limerick Lake?,{'sparql': 'SELECT DISTINCT ?uri WHERE {  <http://dbpedia.org/resource/Limerick_Lake> <http://dbpedia.org/ontology/country> ?uri . } '}
6,train,23,Which television shows were created by John Cleese?,{'sparql': 'SELECT DISTINCT ?uri WHERE {  ?uri <http://www.w3.org/1999/02/22-rdf-syntax-ns#type> <http://dbpedia.org/ontology/TelevisionShow> .  ?uri <http://dbpedia.org/ontology/creator> <http://dbpedia.org/resource/John_Cleese> . } '}
6,train,24,Which mountain is the highest after the Annapurna?,{'sparql': 'SELECT DISTINCT ?uri WHERE {  <http://dbpedia.org/resource/Annapurna> <http://dbpedia.org/ontology/elevation> ?elevation .  ?uri <http://www.w3.org/1999/02/22-rdf-syntax-ns#type> <http://dbpedia.org/ontology/Mountain> .  ?uri <http://dbpedia.org/ontology/elevation> ?otherelevation .  FILTER (?otherelevation < ?elevation) . } ORDER BY DESC(?otherelevation) OFFSET 0 LIMIT 1 '}
6,train,25,In which films directed by Garry Marshall was Julia Roberts starring?,{'sparql': 'SELECT DISTINCT ?uri WHERE {  ?uri <http://www.w3.org/1999/02/22-rdf-syntax-ns#type> <http://dbpedia.org/ontology/Film> .  ?uri <http://dbpedia.org/ontology/starring> <http://dbpedia.org/resource/Julia_Roberts> .  ?uri <http://dbpedia.org/ontology/director> <http://dbpedia.org/resource/Garry_Marshall> . } '}
6,train,26,Which bridges are of the same type as the Manhattan Bridge?,{'sparql': 'SELECT DISTINCT ?uri WHERE {  ?uri <http://www.w3.org/1999/02/22-rdf-syntax-ns#type> <http://dbpedia.org/ontology/Bridge> .  ?uri <http://dbpedia.org/property/design> ?design .  <http://dbpedia.org/resource/Manhattan_Bridge> <http://dbpedia.org/property/design> ?mdesign .  FILTER (?design = ?mdesign && ?uri != <http://dbpedia.org/resource/Manhattan_Bridge>) .} '}
6,train,27,Was U.S. president Jackson involved in a war?,{'sparql': 'ASK WHERE {  <http://dbpedia.org/resource/Andrew_Jackson> <http://dbpedia.org/ontology/battle> ?battle . } '}
6,train,28,Give me all communist countries.,{'sparql': 'SELECT DISTINCT ?uri WHERE {  ?uri <http://www.w3.org/1999/02/22-rdf-syntax-ns#type> <http://dbpedia.org/ontology/Country> . ?uri <http://dbpedia.org/property/ideology> <http://dbpedia.org/resource/Communism> . }'}
6,train,29,Which awards did Douglas Hofstadter win?,{'sparql': 'SELECT DISTINCT ?uri WHERE {  <http://dbpedia.org/resource/Douglas_Hofstadter> <http://dbpedia.org/ontology/award> ?uri . } '}
6,train,3,Who is the daughter of Robert Kennedy married to?,{'sparql': 'SELECT DISTINCT ?uri WHERE {  <http://dbpedia.org/resource/Robert_F._Kennedy> <http://dbpedia.org/ontology/child> ?child .  ?child <http://dbpedia.org/ontology/spouse> ?uri . } '}
6,train,30,Which U.S. state has the highest population density?,{'sparql': 'SELECT DISTINCT ?uri WHERE {  ?uri <http://www.w3.org/1999/02/22-rdf-syntax-ns#type> <http://dbpedia.org/class/yago/StatesOfTheUnitedStates> .  ?uri <http://dbpedia.org/property/densityrank> ?rank . } ORDER BY ASC(?rank) OFFSET 0 LIMIT 1 '}
6,train,31,What is the currency of the Czech Republic?,{'sparql': 'SELECT DISTINCT ?uri WHERE { <http://dbpedia.org/resource/Czech_Republic> <http://dbpedia.org/ontology/currency> ?uri . } '}
6,train,32,Which countries adopted the Euro?,"{'sparql': ""SELECT DISTINCT ?uri WHERE {  ?uri <http://www.w3.org/1999/02/22-rdf-syntax-ns#type> <http://dbpedia.org/ontology/Country> .  { ?uri <http://dbpedia.org/ontology/currency> <http://dbpedia.org/resource/Euro> . }  UNION  { ?uri <http://dbpedia.org/property/currencyCode> 'EUR'@en . } } ""}"
6,train,33,What is the area code of Berlin?,{'sparql': 'SELECT DISTINCT ?string WHERE {  <http://dbpedia.org/resource/Berlin> <http://dbpedia.org/ontology/areaCode> ?string . } '}
6,train,34,Which countries have more than two official languages?,{'sparql': 'SELECT DISTINCT ?uri WHERE {  ?uri <http://www.w3.org/1999/02/22-rdf-syntax-ns#type> <http://dbpedia.org/ontology/Country> .  ?uri <http://dbpedia.org/ontology/officialLanguage> ?language . } GROUP BY ?uri HAVING (COUNT(?language) > 2) '}
6,train,35,Who is the owner of Rolls-Royce?,{'sparql': 'SELECT DISTINCT ?uri WHERE {  <http://dbpedia.org/resource/Rolls-Royce_Motors> <http://dbpedia.org/ontology/owner> ?uri . } '}
6,train,36,Through which countries does the Yenisei river flow?,{'sparql': 'SELECT DISTINCT ?uri WHERE {  <http://dbpedia.org/resource/Yenisei_River> <http://dbpedia.org/ontology/country> ?uri . } '}
6,train,37,When did Latvia join the EU?,{'sparql': 'SELECT DISTINCT ?date WHERE {  <http://dbpedia.org/resource/Latvia> <http://dbpedia.org/property/accessioneudate> ?date . } '}
6,train,38,Which politicians were married to a German?,{'sparql': 'SELECT DISTINCT ?uri WHERE {  ?uri <http://www.w3.org/1999/02/22-rdf-syntax-ns#type> <http://dbpedia.org/ontology/Politician> .  ?uri <http://dbpedia.org/ontology/spouse> ?spouse . { ?spouse <http://dbpedia.org/ontology/birthPlace> <http://dbpedia.org/resource/Germany> . } UNION { ?spouse <http://dbpedia.org/ontology/birthPlace> ?p .  ?p <http://dbpedia.org/ontology/country> <http://dbpedia.org/resource/Germany> . } } '}
6,train,39,When was the Battle of Gettysburg?,{'sparql': 'SELECT DISTINCT ?date WHERE {  <http://dbpedia.org/resource/Battle_of_Gettysburg> <http://dbpedia.org/ontology/date> ?date . } '}
6,train,4,Which river does the Brooklyn Bridge cross?,{'sparql': 'SELECT DISTINCT ?uri WHERE {  <http://dbpedia.org/resource/Brooklyn_Bridge> <http://dbpedia.org/ontology/crosses> ?uri . } '}
6,train,40,What is the highest mountain in Australia?,{'sparql': 'SELECT DISTINCT ?uri WHERE {  ?uri <http://www.w3.org/1999/02/22-rdf-syntax-ns#type> <http://dbpedia.org/ontology/Mountain> .  ?uri <http://dbpedia.org/ontology/locatedInArea> <http://dbpedia.org/resource/Australia> .  ?uri <http://dbpedia.org/ontology/elevation> ?elevation . } ORDER BY DESC(?elevation) OFFSET 0 LIMIT 1 '}
6,train,41,Give me all soccer clubs in Spain.,"{'sparql': ""SELECT DISTINCT ?uri WHERE {  ?uri <http://www.w3.org/1999/02/22-rdf-syntax-ns#type> <http://dbpedia.org/ontology/SoccerClub> .  { ?uri <http://dbpedia.org/ontology/ground> <http://dbpedia.org/resource/Spain> . }  UNION  { ?uri <http://dbpedia.org/property/ground> ?ground .  FILTER (regex(?ground,'Spain')) } } ""}"
6,train,42,What is the official language of Suriname?,{'sparql': 'SELECT DISTINCT ?uri WHERE {  <http://dbpedia.org/resource/Suriname> <http://dbpedia.org/ontology/officialLanguage> ?uri . } '}
6,train,44,Who designed the Brooklyn Bridge?,{'sparql': 'SELECT DISTINCT ?uri WHERE {  <http://dbpedia.org/resource/Brooklyn_Bridge> <http://dbpedia.org/ontology/architect> ?uri . } '}
6,train,45,Which telecommunications organizations are located in Belgium?,"{'sparql': ""SELECT (COUNT(DISTINCT ?uri) as ?c) WHERE {  ?uri <http://www.w3.org/1999/02/22-rdf-syntax-ns#type> <http://dbpedia.org/ontology/Organisation> . { ?uri <http://dbpedia.org/ontology/industry> <http://dbpedia.org/resource/Telecommunication> . } UNION { ?uri <http://dbpedia.org/property/industry> ?industry .  FILTER (regex(?industry,'Telecommunications')) . } { ?uri <http://dbpedia.org/ontology/location> <http://dbpedia.org/resource/Belgium> . } UNION { ?uri <http://dbpedia.org/property/locationCountry> 'Belgium'@en . } } ""}"
6,train,46,Is Frank Herbert still alive?,{'sparql': 'ASK WHERE {  OPTIONAL { <http://dbpedia.org/resource/Frank_Herbert> <http://dbpedia.org/ontology/deathDate> ?date . }  FILTER (!BOUND(?date)) } '}
6,train,47,What is the highest place of the Urals?,{'sparql': 'SELECT DISTINCT ?uri WHERE {  <http://dbpedia.org/resource/Ural_Mountains> <http://dbpedia.org/property/highest> ?uri . } '}
6,train,48,Who is the editor of Forbes?,{'sparql': 'SELECT DISTINCT ?uri WHERE {  <http://dbpedia.org/resource/Forbes> <http://dbpedia.org/ontology/editor> ?uri . } '}
6,train,49,Give me all companies in the advertising industry.,"{'sparql': ""SELECT (COUNT(DISTINCT ?uri) as ?c) WHERE {  ?uri <http://www.w3.org/1999/02/22-rdf-syntax-ns#type> <http://dbpedia.org/ontology/Company> . { ?uri <http://dbpedia.org/ontology/industry> <http://dbpedia.org/resource/Advertising> } UNION { ?uri <http://dbpedia.org/ontology/industry> ?industry .  FILTER regex(?industry,'advertising','i') . } } ""}"
6,train,5,How many countries are there in Europe?,{'sparql': 'SELECT (COUNT(DISTINCT ?uri) as ?c) WHERE {  ?uri <http://www.w3.org/1999/02/22-rdf-syntax-ns#type> <http://dbpedia.org/class/yago/EuropeanCountries> . } '}
6,train,50,What did Bruce Carver die from?,{'sparql': 'SELECT DISTINCT ?uri WHERE {  <http://dbpedia.org/resource/Bruce_Carver> <http://dbpedia.org/ontology/deathCause> ?uri . } '}
6,train,51,Give me all libraries established earlier than 1400.,{'sparql': 'SELECT DISTINCT ?uri WHERE {  ?uri <http://www.w3.org/1999/02/22-rdf-syntax-ns#type> <http://dbpedia.org/ontology/Library> .  ?uri <http://dbpedia.org/property/established> ?year .  FILTER (?year < 1400) } '}
6,train,52,Which presidents were born in 1945?,"{'sparql': ""SELECT DISTINCT ?uri WHERE {  ?uri <http://www.w3.org/1999/02/22-rdf-syntax-ns#type> <http://dbpedia.org/ontology/President> .  ?uri <http://dbpedia.org/ontology/birthDate> ?date .  FILTER regex(?date, '^1945') . } ""}"
6,train,53,Give me all federal chancellors of Germany.,"{'sparql': ""SELECT DISTINCT ?uri WHERE {  ?uri <http://www.w3.org/1999/02/22-rdf-syntax-ns#type> <http://dbpedia.org/ontology/Person> .  { ?uri <http://dbpedia.org/ontology/office> 'Chancellor of Germany' . }  UNION  { ?uri <http://dbpedia.org/property/office> <http://dbpedia.org/resource/Chancellor_of_Germany> . } } ""}"
6,train,54,Who was the wife of U.S. president Lincoln?,{'sparql': 'SELECT DISTINCT ?uri WHERE {  <http://dbpedia.org/resource/Abraham_Lincoln> <http://dbpedia.org/ontology/spouse> ?uri. } '}
6,train,55,Who developed the video game World of Warcraft?,{'sparql': 'SELECT DISTINCT ?uri WHERE {  <http://dbpedia.org/resource/World_of_Warcraft> <http://dbpedia.org/ontology/developer> ?uri . } '}
6,train,56,What is the official website of Tom Cruise?,{'sparql': 'SELECT DISTINCT ?string WHERE {  <http://dbpedia.org/resource/Tom_Cruise> <http://dbpedia.org/property/website> ?string . } '}
6,train,57,List all episodes of the first season of the HBO television series The Sopranos.,{'sparql': 'SELECT DISTINCT ?uri WHERE {  ?uri <http://dbpedia.org/ontology/series> <http://dbpedia.org/resource/The_Sopranos> .  ?uri <http://dbpedia.org/ontology/seasonNumber> 1 . } '}
6,train,58,Who produced the most films?,{'sparql': 'SELECT DISTINCT ?uri WHERE {  ?film <http://www.w3.org/1999/02/22-rdf-syntax-ns#type> <http://dbpedia.org/ontology/Film> .  ?film <http://dbpedia.org/ontology/producer> ?uri . } ORDER BY DESC(COUNT(?film)) OFFSET 0 LIMIT 1 '}
6,train,59,Give me all people with first name Jimmy.,"{'sparql': ""SELECT DISTINCT ?uri WHERE {  ?uri <http://www.w3.org/1999/02/22-rdf-syntax-ns#type> foaf:Person .  ?uri foaf:givenName 'Jimmy'@en . } ""}"
6,train,6,In which city did John F. Kennedy die?,{'sparql': 'SELECT DISTINCT ?uri WHERE {  <http://dbpedia.org/resource/John_F._Kennedy> <http://dbpedia.org/ontology/deathPlace> ?uri .  ?uri <http://www.w3.org/1999/02/22-rdf-syntax-ns#type> <http://dbpedia.org/ontology/City> . } '}
6,train,60,Is there a video game called Battle Chess?,"{'sparql': ""ASK WHERE {  ?uri <http://www.w3.org/1999/02/22-rdf-syntax-ns#type> <http://dbpedia.org/ontology/VideoGame> .  ?uri <http://www.w3.org/2000/01/rdf-schema#label> 'Battle Chess'@en . } ""}"
6,train,61,Which mountains are higher than the Nanga Parbat?,{'sparql': 'SELECT DISTINCT ?uri WHERE {  <http://dbpedia.org/resource/Nanga_Parbat> <http://dbpedia.org/ontology/elevation> ?elevation .  ?uri <http://www.w3.org/1999/02/22-rdf-syntax-ns#type> <http://dbpedia.org/ontology/Mountain> . { ?uri <http://dbpedia.org/ontology/elevation> ?otherelevation . } UNION { ?uri <http://dbpedia.org/property/elevationM> ?otherelevation . }  FILTER (?otherelevation > ?elevation) . } '}
6,train,62,Who created Wikipedia?,{'sparql': 'SELECT DISTINCT ?uri WHERE {  <http://dbpedia.org/resource/Wikipedia> <http://dbpedia.org/ontology/author> ?uri . } '}
6,train,63,Give me all actors starring in Last Action Hero.,{'sparql': 'SELECT DISTINCT ?uri WHERE {  <http://dbpedia.org/resource/Last_Action_Hero> <http://dbpedia.org/ontology/starring> ?uri . } '}
6,train,64,Which software has been developed by organizations founded in California?,{'sparql': 'SELECT DISTINCT ?uri WHERE {  ?uri <http://www.w3.org/1999/02/22-rdf-syntax-ns#type> <http://dbpedia.org/ontology/Software> .  ?company <http://www.w3.org/1999/02/22-rdf-syntax-ns#type> <http://dbpedia.org/ontology/Company> .  ?uri <http://dbpedia.org/ontology/developer> ?company .  ?company <http://dbpedia.org/ontology/foundationPlace> <http://dbpedia.org/resource/California> . } '}
6,train,65,Which companies work in the aerospace industry as well as in medicine?,{'sparql': 'SELECT DISTINCT ?uri WHERE {  ?uri <http://www.w3.org/1999/02/22-rdf-syntax-ns#type> <http://dbpedia.org/ontology/Company> .  ?uri <http://dbpedia.org/ontology/industry> <http://dbpedia.org/resource/Aerospace> .  ?uri <http://dbpedia.org/ontology/industry> <http://dbpedia.org/resource/Medicine> . } '}
6,train,66,Is Christian Bale starring in Velvet Goldmine?,{'sparql': 'ASK WHERE {  <http://dbpedia.org/resource/Velvet_Goldmine> <http://dbpedia.org/ontology/starring> <http://dbpedia.org/resource/Christian_Bale> . } '}
6,train,67,Give me the websites of companies with more than 500000 employees.,{'sparql': 'SELECT DISTINCT ?string WHERE {  ?c <http://www.w3.org/1999/02/22-rdf-syntax-ns#type> <http://dbpedia.org/ontology/Company> . { ?c <http://dbpedia.org/ontology/numberOfEmployees> ?employees . } UNION { ?c <http://dbpedia.org/property/numEmployees> ?employees . }  FILTER( xsd:integer(?employees) > 500000 ) .  ?c <http://dbpedia.org/property/homepage> ?string . } '}
6,train,68,Which actors were born in Germany?,{'sparql': 'SELECT DISTINCT ?uri WHERE {  ?uri <http://www.w3.org/1999/02/22-rdf-syntax-ns#type> <http://dbpedia.org/ontology/Actor> . { ?uri <http://dbpedia.org/ontology/birthPlace> <http://dbpedia.org/resource/Germany> . } UNION { ?uri <http://dbpedia.org/ontology/birthPlace> ?place .  ?place <http://dbpedia.org/ontology/country> <http://dbpedia.org/resource/Germany> . } } '}
6,train,69,Which caves have more than 3 entrances?,{'sparql': 'SELECT DISTINCT ?uri WHERE {  ?uri <http://www.w3.org/1999/02/22-rdf-syntax-ns#type> <http://dbpedia.org/ontology/Cave> .  ?uri <http://dbpedia.org/property/entranceCount> ?entrance .  FILTER (?entrance > 3) . } '}
6,train,7,Was the wife of president Lincoln called Mary?,"{'sparql': ""ASK WHERE {  <http://dbpedia.org/resource/Abraham_Lincoln> <http://dbpedia.org/ontology/spouse> ?spouse .  ?spouse <http://www.w3.org/2000/01/rdf-schema#label> ?name .  FILTER(regex(?name,'Mary')) } ""}"
6,train,70,Give me all films produced by Hal Roach.,{'sparql': 'SELECT DISTINCT ?uri WHERE {  ?uri <http://www.w3.org/1999/02/22-rdf-syntax-ns#type> <http://dbpedia.org/ontology/Film> .  ?uri <http://dbpedia.org/ontology/producer> <http://dbpedia.org/resource/Hal_Roach> . } '}
6,train,71,Give me all video games published by Mean Hamster Software.,{'sparql': 'SELECT DISTINCT ?uri WHERE { ?uri <http://www.w3.org/1999/02/22-rdf-syntax-ns#type> <http://dbpedia.org/ontology/VideoGame> . ?uri <http://dbpedia.org/ontology/publisher> <http://dbpedia.org/resource/Mean_Hamster_Software> . } '}
6,train,72,Which languages are spoken in Estonia?,{'sparql': 'SELECT DISTINCT ?uri WHERE {  ?uri <http://dbpedia.org/ontology/spokenIn> <http://dbpedia.org/resource/Estonia> . } '}
6,train,73,How many Aldi stores are there?,{'sparql': 'SELECT DISTINCT ?number WHERE {  <http://dbpedia.org/resource/Aldi> <http://dbpedia.org/ontology/numberOfLocations> ?number . } '}
6,train,74,Which capitals in Europe were host cities of the summer olympic games?,{'sparql': 'SELECT DISTINCT ?uri WHERE {  ?uri <http://www.w3.org/1999/02/22-rdf-syntax-ns#type> <http://dbpedia.org/class/yago/CapitalsInEurope> .  ?uri <http://www.w3.org/1999/02/22-rdf-syntax-ns#type> <http://dbpedia.org/class/yago/HostCitiesOfTheSummerOlympicGames> . } '}
6,train,75,Who was the 16th president of the United States?,"{'sparql': ""SELECT DISTINCT ?uri WHERE {  ?uri <http://dbpedia.org/ontology/office> 'President of the United States'^^<http://www.w3.org/2001/XMLSchema#string> .  ?uri <http://dbpedia.org/ontology/orderInOffice> '16th'^^<http://www.w3.org/2001/XMLSchema#string> . } ""}"
6,train,76,How many films did Hal Roach produce?,{'sparql': 'SELECT (COUNT(DISTINCT ?uri) as ?c) WHERE {  ?uri <http://dbpedia.org/ontology/producer> <http://dbpedia.org/resource/Hal_Roach> . } '}
6,train,77,Which music albums contain the song Last Christmas?,"{'sparql': ""SELECT DISTINCT ?uri WHERE {  ?single <http://dbpedia.org/ontology/album> ?uri .  ?single <http://www.w3.org/2000/01/rdf-schema#label> 'Last Christmas'@en . } ""}"
6,train,78,Give me all books written by Danielle Steel.,{'sparql': 'SELECT DISTINCT ?uri WHERE {  ?uri <http://www.w3.org/1999/02/22-rdf-syntax-ns#type> <http://dbpedia.org/ontology/Book> .  ?uri <http://dbpedia.org/ontology/author> <http://dbpedia.org/resource/Danielle_Steel> . } '}
6,train,79,"Which airports are located in California, USA?",{'sparql': 'SELECT DISTINCT ?uri WHERE {  ?uri <http://www.w3.org/1999/02/22-rdf-syntax-ns#type> <http://dbpedia.org/ontology/Airport> . { ?uri <http://dbpedia.org/ontology/location> <http://dbpedia.org/resource/California> . } UNION { ?uri <http://dbpedia.org/ontology/city> <http://dbpedia.org/resource/California> . } UNION { ?uri <http://dbpedia.org/ontology/city> ?city .  ?city <http://dbpedia.org/ontology/isPartOf> <http://dbpedia.org/resource/California> . } UNION { ?uri <http://dbpedia.org/ontology/operator> <http://dbpedia.org/resource/California> . } } '}
6,train,8,Which states of Germany are governed by the Social Democratic Party?,"{'sparql': ""SELECT DISTINCT ?uri WHERE {  ?uri <http://www.w3.org/1999/02/22-rdf-syntax-ns#type> <http://dbpedia.org/class/yago/StatesOfGermany> .  { ?uri <http://dbpedia.org/ontology/leaderParty> <http://dbpedia.org/resource/Social_Democratic_Party_of_Germany> . } UNION  { ?uri <http://dbpedia.org/property/rulingParty> 'SPD'@en . } } ""}"
6,train,80,Give me all Canadian Grunge record labels.,{'sparql': 'SELECT DISTINCT ?uri WHERE {  ?uri <http://www.w3.org/1999/02/22-rdf-syntax-ns#type> <http://dbpedia.org/ontology/RecordLabel> .  ?uri <http://dbpedia.org/ontology/genre> <http://dbpedia.org/resource/Grunge> .  ?uri <http://dbpedia.org/ontology/country> <http://dbpedia.org/resource/Canada> . } '}
6,train,81,Which country has the most official languages?,{'sparql': 'SELECT DISTINCT ?uri WHERE {  ?uri <http://www.w3.org/1999/02/22-rdf-syntax-ns#type> <http://dbpedia.org/ontology/Country> .  ?uri <http://dbpedia.org/property/officialLanguages> ?language . } ORDER BY DESC(COUNT(?language)) OFFSET 0 LIMIT 1 '}
6,train,82,In which programming language is GIMP written?,{'sparql': 'SELECT DISTINCT ?uri WHERE {  <http://dbpedia.org/resource/GIMP> <http://dbpedia.org/ontology/programmingLanguage> ?uri . } '}
6,train,83,Who produced films starring Natalie Portman?,{'sparql': 'SELECT DISTINCT ?uri WHERE {  ?film <http://www.w3.org/1999/02/22-rdf-syntax-ns#type> <http://dbpedia.org/ontology/Film> .  ?film <http://dbpedia.org/ontology/starring> <http://dbpedia.org/resource/Natalie_Portman> .  ?film <http://dbpedia.org/ontology/producer> ?uri . } '}
6,train,84,Give me all movies with Tom Cruise.,{'sparql': 'SELECT DISTINCT ?uri WHERE {  ?uri <http://www.w3.org/1999/02/22-rdf-syntax-ns#type> <http://dbpedia.org/ontology/Film> .  ?uri <http://dbpedia.org/ontology/starring> <http://dbpedia.org/resource/Tom_Cruise> . } '}
6,train,85,In which films did Julia Roberts as well as Richard Gere play?,{'sparql': 'SELECT DISTINCT ?uri WHERE {  ?uri <http://www.w3.org/1999/02/22-rdf-syntax-ns#type> <http://dbpedia.org/ontology/Film> .  ?uri <http://dbpedia.org/ontology/starring> <http://dbpedia.org/resource/Julia_Roberts> .  ?uri <http://dbpedia.org/ontology/starring> <http://dbpedia.org/resource/Richard_Gere> . } '}
6,train,86,Give me all female given names.,{'sparql': 'SELECT DISTINCT ?uri WHERE {  ?uri <http://www.w3.org/1999/02/22-rdf-syntax-ns#type> <http://dbpedia.org/ontology/GivenName> .  ?uri <http://dbpedia.org/ontology/gender> <http://dbpedia.org/resource/Female> . } '}
6,train,87,Who wrote the book The Pillars of the Earth?,{'sparql': 'SELECT DISTINCT ?uri WHERE {  <http://dbpedia.org/resource/The_Pillars_of_the_Earth> <http://dbpedia.org/ontology/author> ?uri . } '}
6,train,88,How many films did Leonardo DiCaprio star in?,{'sparql': 'SELECT (COUNT(DISTINCT ?uri) as ?c) WHERE {  ?uri <http://www.w3.org/1999/02/22-rdf-syntax-ns#type> <http://dbpedia.org/ontology/Film> .  ?uri <http://dbpedia.org/ontology/starring> <http://dbpedia.org/resource/Leonardo_DiCaprio> . } '}
6,train,89,Give me all soccer clubs in the Premier League.,{'sparql': 'SELECT DISTINCT ?uri WHERE {  ?uri <http://www.w3.org/1999/02/22-rdf-syntax-ns#type> <http://dbpedia.org/ontology/SoccerClub> .  ?uri <http://dbpedia.org/ontology/league> <http://dbpedia.org/resource/Premier_League> . } '}
6,train,9,In which U.S. state is Mount McKinley located?,{'sparql': 'SELECT DISTINCT ?uri WHERE {  ?uri <http://www.w3.org/1999/02/22-rdf-syntax-ns#type> <http://dbpedia.org/class/yago/StatesOfTheUnitedStates> .  <http://dbpedia.org/resource/Mount_McKinley> <http://dbpedia.org/ontology/locatedInArea> ?uri . } '}
6,train,90,When was Jack Wolfskin founded?,{'sparql': 'SELECT DISTINCT ?year WHERE {  <http://dbpedia.org/resource/Jack_Wolfskin> <http://dbpedia.org/ontology/foundingYear> ?year . } '}
6,train,91,Which organizations were founded in 1930?,"{'sparql': ""SELECT DISTINCT ?uri WHERE {  ?uri <http://www.w3.org/1999/02/22-rdf-syntax-ns#type> <http://dbpedia.org/ontology/Organisation> . { ?uri <http://dbpedia.org/ontology/formationYear> ?date . } UNION { ?uri <http://dbpedia.org/ontology/foundingYear> ?date. } FILTER regex(?date,'^1930') . } ""}"
6,train,92,What is the highest mountain?,{'sparql': 'SELECT DISTINCT ?uri WHERE {  ?uri <http://www.w3.org/1999/02/22-rdf-syntax-ns#type> <http://dbpedia.org/ontology/Mountain> .  ?uri <http://dbpedia.org/ontology/elevation> ?elevation . } ORDER BY DESC(?elevation) OFFSET 0 LIMIT 1 '}
6,train,93,Was Natalie Portman born in the United States?,{'sparql': 'ASK WHERE {  { <http://dbpedia.org/resource/Natalie_Portman> <http://dbpedia.org/ontology/birthPlace> <http://dbpedia.org/resource/United_States> . }  UNION  { <http://dbpedia.org/resource/Natalie_Portman> <http://dbpedia.org/ontology/birthPlace> ?city .  ?city <http://dbpedia.org/ontology/country> <http://dbpedia.org/resource/United_States> . } } '}
6,train,94,Which budget did the first movie of Zdenek Sverak have?,{}
6,train,95,How many big fires struck Paris during the Middle Ages?,{}
6,train,96,Is Pamela Anderson a vegan?,{}
6,train,97,How often was Michael Jordan divorced?,{}
6,train,98,What is the most beautiful painting?,{}
6,train,99,Give me all animal species that live in the Amazon rainforest.,{}
6,train,231,How many inhabitants does the largest city in Canada have?,{'sparql': 'SELECT DISTINCT ?num WHERE {  <http://dbpedia.org/resource/Canada> <http://dbpedia.org/ontology/largestCity> ?city .  ?city <http://dbpedia.org/ontology/populationTotal> ?num . } '}
6,train,249,In which studio did the Beatles record their first album?,{}
6,train,234,Who was the first to climb Mount Everest?,{'sparql': 'SELECT DISTINCT ?uri WHERE {  <http://dbpedia.org/resource/Mount_Everest> <http://dbpedia.org/ontology/firstAscentPerson> ?uri . } '}
6,train,204,How many programming languages are there?,{'sparql': 'SELECT (COUNT(DISTINCT ?uri) as ?c) WHERE {  ?uri <http://www.w3.org/1999/02/22-rdf-syntax-ns#type> <http://dbpedia.org/ontology/ProgrammingLanguage> . } '}
6,train,242,What is the official color of the University of Oxford?,{'sparql': 'SELECT DISTINCT ?string WHERE {  <http://dbpedia.org/resource/University_of_Oxford> <http://dbpedia.org/ontology/officialSchoolColour> ?string . } '}
6,train,250,How many gold medals did Michael Phelps win at the 2008 Olympics?,{}
6,train,235,To which artistic movement did the painter of The Three Dancers belong?,{'sparql': 'SELECT DISTINCT ?uri WHERE {  <http://dbpedia.org/resource/The_Three_Dancers> <http://dbpedia.org/ontology/author> ?person .  ?person <http://dbpedia.org/ontology/movement> ?uri . } '}
6,train,211,Give me all animals that are extinct.,"{'sparql': ""SELECT DISTINCT ?uri WHERE {  ?uri <http://www.w3.org/1999/02/22-rdf-syntax-ns#type> <http://dbpedia.org/ontology/Animal> .  ?uri <http://dbpedia.org/ontology/conservationStatus> 'EX'^^<http://www.w3.org/2001/XMLSchema#string> . }""}"
6,train,223,Does Abraham Lincoln's death place have a website?,{'sparql': 'ASK WHERE {  <http://dbpedia.org/resource/Abraham_Lincoln> <http://dbpedia.org/ontology/deathPlace> ?p .  ?p <http://dbpedia.org/property/website> ?w . } '}
6,train,244,How deep is Lake Chiemsee?,{'sparql': 'SELECT DISTINCT ?n WHERE {  <http://dbpedia.org/resource/Chiemsee> <http://dbpedia.org/ontology/depth> ?n . } '}
6,train,240,Give me the grandchildren of Elvis Presley.,{'sparql': 'SELECT DISTINCT ?uri WHERE { <http://dbpedia.org/resource/Elvis_Presley> <http://dbpedia.org/ontology/child> ?child . ?child <http://dbpedia.org/ontology/child> ?uri . }'}
6,train,210,Who is the youngest Darts player?,{'sparql': 'SELECT DISTINCT ?uri WHERE {  ?uri <http://www.w3.org/1999/02/22-rdf-syntax-ns#type> <http://dbpedia.org/ontology/DartsPlayer> .  ?uri <http://dbpedia.org/ontology/birthDate> ?date . } ORDER BY DESC(?date) OFFSET 0 LIMIT 1 '}
6,train,221,Where was Bach born?,{'sparql': 'SELECT DISTINCT ?uri WHERE {  <http://dbpedia.org/resource/Johann_Sebastian_Bach> <http://dbpedia.org/ontology/birthPlace> ?uri . } '}
6,train,232,In which countries can you pay using the West African CFA franc?,{'sparql': 'SELECT DISTINCT ?uri WHERE {  ?uri <http://dbpedia.org/ontology/currency> <http://dbpedia.org/resource/West_African_CFA_franc> . } '}
6,train,225,What are the top-10 action role-playing video games according to IGN?,{'sparql': 'SELECT DISTINCT ?uri WHERE {  ?uri <http://purl.org/dc/terms/subject> <http://dbpedia.org/resource/Category:Action_role-playing_video_games> .  ?uri <http://dbpedia.org/property/ign> ?score . } ORDER BY DESC(?score) LIMIT 10 '}
6,train,214,What is the most frequent cause of death?,{'sparql': 'SELECT DISTINCT ?x WHERE {  ?uri <http://dbpedia.org/ontology/deathCause> ?x . } ORDER BY DESC(COUNT(DISTINCT ?uri)) OFFSET 0 LIMIT 1 '}
6,train,207,Does the Isar flow into a lake?,{'sparql': 'ASK WHERE {  ?x <http://dbpedia.org/ontology/inflow> <http://dbpedia.org/resource/Isar> .  ?x <http://www.w3.org/1999/02/22-rdf-syntax-ns#type> <http://dbpedia.org/ontology/Lake> . } '}
6,train,218,Give me all films produced by Steven Spielberg with a budget of at least $80 million.,{'sparql': 'SELECT DISTINCT ?uri WHERE {  ?uri <http://www.w3.org/1999/02/22-rdf-syntax-ns#type> <http://dbpedia.org/ontology/Film> .  ?uri <http://dbpedia.org/ontology/director> <http://dbpedia.org/resource/Steven_Spielberg> .  ?uri <http://dbpedia.org/ontology/budget> ?b .  FILTER( xsd:double(?b) >= 8.0E7 ) } '}
6,train,241,Give me all writers that won the Nobel Prize in literature.,{'sparql': 'SELECT DISTINCT ?uri WHERE {  ?uri <http://www.w3.org/1999/02/22-rdf-syntax-ns#type> <http://dbpedia.org/ontology/Writer> .  ?uri <http://dbpedia.org/ontology/award> <http://dbpedia.org/resource/Nobel_Prize_in_Literature> . } '}
6,train,201,Give me all taikonauts.,{'sparql': 'SELECT DISTINCT ?uri WHERE {  ?uri <http://www.w3.org/1999/02/22-rdf-syntax-ns#type> <http://dbpedia.org/ontology/Astronaut> .  ?uri <http://dbpedia.org/ontology/nationality> <http://dbpedia.org/resource/China> . } '}
6,train,212,How many pages does War and Peace have?,{'sparql': 'SELECT DISTINCT ?n WHERE {  <http://dbpedia.org/resource/War_and_Peace> <http://dbpedia.org/ontology/numberOfPages> ?n . } '}
6,train,217,What is the bridge with the longest span?,{'sparql': 'SELECT DISTINCT ?uri WHERE {  ?uri <http://www.w3.org/1999/02/22-rdf-syntax-ns#type> <http://dbpedia.org/ontology/Bridge> .  ?uri <http://dbpedia.org/ontology/mainspan> ?s . } ORDER BY DESC(?s) OFFSET 0 LIMIT 1 '}
6,train,247,Give me all actors called Baldwin.,"{'sparql': ""SELECT DISTINCT ?uri WHERE {  ?uri foaf:surname 'Baldwin'@en . { ?uri <http://dbpedia.org/ontology/occupation> <http://dbpedia.org/resource/Actor> . } UNION { ?uri <http://www.w3.org/1999/02/22-rdf-syntax-ns#type> <http://dbpedia.org/ontology/Actor> . } } ""}"
6,train,216,Who is the tallest player of the Atlanta Falcons?,{'sparql': 'SELECT DISTINCT ?uri WHERE {  ?uri <http://dbpedia.org/ontology/team> <http://dbpedia.org/resource/Atlanta_Falcons> .  ?uri <http://dbpedia.org/ontology/height> ?h . } ORDER BY DESC(?h) OFFSET 0 LIMIT 1 '}
6,train,208,Which rivers flow into a German lake?,{'sparql': 'SELECT DISTINCT ?uri WHERE {  ?uri <http://www.w3.org/1999/02/22-rdf-syntax-ns#type> <http://dbpedia.org/ontology/River> .  ?x <http://dbpedia.org/ontology/inflow> ?uri .  ?x <http://www.w3.org/1999/02/22-rdf-syntax-ns#type> <http://dbpedia.org/ontology/Lake> .  ?x <http://dbpedia.org/ontology/country> <http://dbpedia.org/resource/Germany> . } '}
6,train,238,How many James Bond movies are there?,{'sparql': 'SELECT (COUNT(DISTINCT ?uri) as ?c) WHERE {  ?uri <http://www.w3.org/1999/02/22-rdf-syntax-ns#type> <http://dbpedia.org/class/yago/JamesBondFilms> . } '}
6,train,246,Which rockets were launched from Baikonur?,{'sparql': 'SELECT DISTINCT ?uri WHERE {  ?uri <http://www.w3.org/1999/02/22-rdf-syntax-ns#type> <http://dbpedia.org/ontology/Rocket> .  ?uri <http://dbpedia.org/ontology/launchSite> <http://dbpedia.org/resource/Baikonur_Cosmodrome> . } '}
6,train,236,Which pope succeeded John Paul II?,{'sparql': 'SELECT DISTINCT ?uri WHERE {  <http://dbpedia.org/resource/Pope_John_Paul_II> <http://dbpedia.org/property/successor> ?uri . } '}
6,train,205,Give me all Dutch parties.,{'sparql': 'SELECT DISTINCT ?uri WHERE {  ?uri <http://www.w3.org/1999/02/22-rdf-syntax-ns#type> <http://dbpedia.org/ontology/PoliticalParty> .  ?uri <http://dbpedia.org/ontology/country> <http://dbpedia.org/resource/Netherlands> . } '}
6,train,230,When is Halloween?,{'sparql': 'SELECT DISTINCT ?date WHERE {  <http://dbpedia.org/resource/Halloween> <http://dbpedia.org/property/date> ?date . } '}
6,train,243,Give me all Swedish oceanographers.,{'sparql': 'SELECT DISTINCT ?uri WHERE {  ?uri <http://dbpedia.org/ontology/field> <http://dbpedia.org/resource/Oceanography> .  ?uri <http://dbpedia.org/ontology/birthPlace> <http://dbpedia.org/resource/Sweden> . } '}
6,train,226,Give me all actors who were born in Berlin.,{'sparql': 'SELECT DISTINCT ?uri WHERE {  ?uri <http://www.w3.org/1999/02/22-rdf-syntax-ns#type> <http://dbpedia.org/ontology/Actor> .  ?uri <http://dbpedia.org/ontology/birthPlace> <http://dbpedia.org/resource/Berlin> . } '}
6,train,237,What was the last movie with Alec Guinness?,{'sparql': 'SELECT DISTINCT ?uri WHERE {  ?uri <http://www.w3.org/1999/02/22-rdf-syntax-ns#type> <http://dbpedia.org/ontology/Film> .  ?uri <http://dbpedia.org/ontology/starring> <http://dbpedia.org/resource/Alec_Guinness> .  ?uri <http://dbpedia.org/ontology/releaseDate> ?date . } ORDER BY DESC(?date) LIMIT 1 '}
6,train,203,Which poet wrote the most books?,{'sparql': 'SELECT DISTINCT ?uri WHERE {  ?uri <http://dbpedia.org/ontology/occupation> <http://dbpedia.org/resource/Poet> .  ?x <http://dbpedia.org/ontology/author> ?uri .  ?x <http://www.w3.org/1999/02/22-rdf-syntax-ns#type> <http://dbpedia.org/ontology/Book> . } ORDER BY DESC(COUNT(?x)) OFFSET 0 LIMIT 1 '}
6,train,202,How many languages are spoken in Colombia?,{'sparql': 'SELECT (COUNT(DISTINCT ?uri) as ?c) WHERE {  ?uri <http://www.w3.org/1999/02/22-rdf-syntax-ns#type> <http://dbpedia.org/ontology/Language> .  <http://dbpedia.org/resource/Colombia> <http://dbpedia.org/ontology/language> ?uri . } '}
6,train,248,What does ICRO stand for?,"{'sparql': ""SELECT DISTINCT ?uri WHERE {  ?uri <http://dbpedia.org/ontology/abbreviation> 'ICRO'^^<http://www.w3.org/2001/XMLSchema#string> . } ""}"
6,train,228,What was Brazil's lowest rank in the FIFA World Ranking?,{'sparql': 'SELECT DISTINCT ?n WHERE {  <http://dbpedia.org/resource/Brazil_national_football_team> <http://dbpedia.org/property/fifaMin> ?n . } '}
6,train,233,Give me the capitals of all countries that the Himalayas run through.,{'sparql': 'SELECT DISTINCT ?uri WHERE {  <http://dbpedia.org/resource/Himalayas> <http://dbpedia.org/property/country> ?country .  ?country <http://dbpedia.org/ontology/capital> ?uri . } '}
6,train,239,Which actor played Chewbacca?,{'sparql': 'SELECT DISTINCT ?uri WHERE {  <http://dbpedia.org/resource/Chewbacca> <http://dbpedia.org/property/portrayer> ?uri . } '}
6,train,213,Which ingredients do I need for carrot cake?,{'sparql': 'SELECT DISTINCT ?uri WHERE {  <http://dbpedia.org/resource/Carrot_cake> <http://dbpedia.org/ontology/ingredient> ?uri . } '}
6,train,219,Is Cola a beverage?,{'sparql': 'ASK WHERE {  <http://dbpedia.org/resource/Cola> <http://www.w3.org/1999/02/22-rdf-syntax-ns#type> <http://dbpedia.org/ontology/Beverage> . } '}
6,train,215,Who has Tom Cruise been married to?,{'sparql': 'SELECT DISTINCT ?uri WHERE {  ?uri <http://dbpedia.org/ontology/spouse> <http://dbpedia.org/resource/Tom_Cruise> . } '}
6,train,222,Which of Tim Burton's films had the highest budget?,{'sparql': 'SELECT DISTINCT ?uri WHERE {  ?uri <http://dbpedia.org/ontology/director> <http://dbpedia.org/resource/Tim_Burton> .  ?uri <http://dbpedia.org/ontology/budget> ?b . } ORDER BY ?b OFFSET 0 LIMIT 1 '}
6,train,209,How heavy is Jupiter's lightest moon?,{'sparql': 'SELECT DISTINCT ?n WHERE {  ?uri <http://dbpedia.org/property/satelliteOf> <http://dbpedia.org/resource/Jupiter> .  ?uri <http://dbpedia.org/ontology/mass> ?n . } ORDER BY ASC(?n) OFFSET 0 LIMIT 1 '}
6,train,220,Which actor was casted in the most movies?,{'sparql': 'SELECT DISTINCT ?uri WHERE {  ?uri <http://www.w3.org/1999/02/22-rdf-syntax-ns#type> <http://dbpedia.org/ontology/Actor> .  ?f <http://www.w3.org/1999/02/22-rdf-syntax-ns#type> <http://dbpedia.org/ontology/Film> .  ?f <http://dbpedia.org/ontology/starring> ?uri . } ORDER BY DESC(COUNT(DISTINCT(?f))) OFFSET 0 LIMIT 1 '}
6,train,245,Is James Bond married?,{'sparql': 'ASK WHERE {  <http://dbpedia.org/resource/James_Bond> <http://dbpedia.org/ontology/spouse> ?uri . } '}
6,train,229,Give me all Australian metalcore bands.,{'sparql': 'SELECT DISTINCT ?uri WHERE {  ?uri <http://www.w3.org/1999/02/22-rdf-syntax-ns#type> <http://dbpedia.org/ontology/Band> .  ?uri <http://dbpedia.org/ontology/genre> <http://dbpedia.org/resource/Metalcore> . { ?uri <http://dbpedia.org/ontology/hometown> <http://dbpedia.org/resource/Australia> . } UNION { ?uri <http://dbpedia.org/ontology/hometown> ?h .  ?h <http://dbpedia.org/ontology/country> <http://dbpedia.org/resource/Australia> . } } '}
6,train,227,Give me all actors who were born in Paris after 1950.,"{'sparql': ""SELECT DISTINCT ?uri WHERE {  ?uri <http://www.w3.org/1999/02/22-rdf-syntax-ns#type> <http://dbpedia.org/ontology/Actor> .  ?uri <http://dbpedia.org/ontology/birthPlace> <http://dbpedia.org/resource/Paris> .  ?uri <http://dbpedia.org/ontology/birthDate> ?date .  FILTER ( ?date >= xsd:dateTime('1950-12-31T00:00:00Z')) } ""}"
6,train,206,When was Olof Palme shot?,{'sparql': 'SELECT DISTINCT ?date WHERE {  <http://dbpedia.org/resource/Olof_Palme> <http://dbpedia.org/ontology/deathDate> ?date . } '}
6,train,224,Who are the four youngest MVP basketball players?,"{'sparql': ""SELECT DISTINCT ?uri WHERE {  ?uri <http://www.w3.org/1999/02/22-rdf-syntax-ns#type> <http://dbpedia.org/ontology/BasketballPlayer> .  ?uri <http://dbpedia.org/ontology/birthDate> ?date.  ?uri <http://dbpedia.org/property/highlights> ?h .  FILTER regex(?h,'MVP') } ORDER BY DESC(?date) OFFSET 0 LIMIT 4 ""}"
6,train,251,Which companies have more than 1 million employees?,{'sparql': 'SELECT DISTINCT ?uri WHERE {  ?uri <http://www.w3.org/1999/02/22-rdf-syntax-ns#type> <http://dbpedia.org/ontology/Company> . { ?uri <http://dbpedia.org/ontology/numberOfEmployees> ?n . } UNION { ?uri <http://dbpedia.org/property/numEmployees> ?n . } FILTER ( ?n > 1000000 ) } '}
6,train,252,Give all swimmers that were born in Moscow.,{'sparql': 'SELECT DISTINCT ?uri WHERE {  ?uri <http://www.w3.org/1999/02/22-rdf-syntax-ns#type> <http://dbpedia.org/ontology/Swimmer> .  ?uri <http://dbpedia.org/ontology/birthPlace> <http://dbpedia.org/resource/Moscow> . } '}
6,train,253,Who was called Rodzilla?,"{'sparql': 'SELECT DISTINCT ?uri WHERE {  ?uri <http://dbpedia.org/property/nickname> ""Rodzilla""@en . } '}"
6,train,254,Show me the book that Muhammad Ali wrote.,{'sparql': 'SELECT DISTINCT ?uri WHERE {  ?uri <http://www.w3.org/1999/02/22-rdf-syntax-ns#type> <http://dbpedia.org/ontology/Book> .  ?uri <http://dbpedia.org/ontology/author> <http://dbpedia.org/resource/Muhammad_Ali> . } '}
6,train,255,How many museums does Paris have?,{'sparql': 'SELECT DISTINCT ?uri WHERE {  ?uri <http://www.w3.org/1999/02/22-rdf-syntax-ns#type> <http://dbpedia.org/ontology/Museum> .  ?uri <http://dbpedia.org/ontology/location> <http://dbpedia.org/resource/Paris> . } '}
6,train,256,Which city has the most inhabitants?,{'sparql': 'SELECT DISTINCT ?uri WHERE {  ?uri <http://www.w3.org/1999/02/22-rdf-syntax-ns#type> <http://dbpedia.org/ontology/City> .  ?uri <http://dbpedia.org/ontology/populationTotal> ?pop . } ORDER BY DESC(?pop) OFFSET 0 LIMIT 1 '}
6,train,257,Which city has the least inhabitants?,{'sparql': 'SELECT DISTINCT ?uri WHERE {  ?uri <http://www.w3.org/1999/02/22-rdf-syntax-ns#type> <http://dbpedia.org/ontology/City> .  ?uri <http://dbpedia.org/ontology/populationTotal> ?pop . } ORDER BY ASC(?pop) OFFSET 0 LIMIT 1 '}
6,train,258,Give me all the TV shows with Neil Patrick Harris.,{'sparql': 'SELECT DISTINCT ?uri WHERE {  ?uri <http://www.w3.org/1999/02/22-rdf-syntax-ns#type> <http://dbpedia.org/ontology/TelevisionShow> .  ?uri <http://dbpedia.org/ontology/starring> <http://dbpedia.org/resource/Neil_Patrick_Harris> . } '}
6,train,259,Who wrote The Hunger Games?,{'sparql': 'SELECT DISTINCT ?uri WHERE {  <http://dbpedia.org/resource/The_Hunger_Games> <http://dbpedia.org/property/creator> ?uri . } '}
6,train,260,Show a list of soccer clubs that play in the Bundesliga.,{'sparql': 'SELECT DISTINCT ?uri WHERE {  ?uri <http://www.w3.org/1999/02/22-rdf-syntax-ns#type> <http://dbpedia.org/ontology/SoccerClub> .  ?uri <http://dbpedia.org/ontology/league> <http://dbpedia.org/resource/Bundesliga> . } '}
6,train,261,What country is Mount Everest in?,{'sparql': 'SELECT DISTINCT ?uri WHERE {  <http://dbpedia.org/resource/Mount_Everest> <http://dbpedia.org/ontology/locatedInArea> ?uri .  ?uri <http://www.w3.org/1999/02/22-rdf-syntax-ns#type> <http://dbpedia.org/ontology/Country> . } '}
6,train,262,Who is the founder of Penguin Books?,{'sparql': 'SELECT DISTINCT ?uri WHERE {  <http://dbpedia.org/resource/Penguin_Books> <http://dbpedia.org/ontology/founder> ?uri . } '}
6,train,263,Which programming languages influenced Javascript?,{'sparql': 'SELECT DISTINCT ?uri WHERE {  ?uri <http://www.w3.org/1999/02/22-rdf-syntax-ns#type> <http://dbpedia.org/ontology/ProgrammingLanguage> .  ?uri <http://dbpedia.org/ontology/influenced> <http://dbpedia.org/resource/JavaScript> . } '}
6,train,264,Did Che Guevara have children?,{'sparql': 'ASK WHERE {  <http://dbpedia.org/resource/Che_Guevara> <http://dbpedia.org/ontology/child> ?uri . } '}
6,train,265,List all the musicals with music by Leonard Bernstein.,{'sparql': 'SELECT DISTINCT ?uri WHERE {  ?uri <http://www.w3.org/1999/02/22-rdf-syntax-ns#type> <http://dbpedia.org/ontology/Musical> .  ?uri <http://dbpedia.org/ontology/musicBy> <http://dbpedia.org/resource/Leonard_Bernstein> . } '}
6,train,266,Show me all the breweries in Australia.,{'sparql': 'SELECT DISTINCT ?uri ?x WHERE {  ?uri <http://www.w3.org/1999/02/22-rdf-syntax-ns#type> <http://dbpedia.org/ontology/Brewery> . { ?uri <http://dbpedia.org/ontology/location> <http://dbpedia.org/resource/Australia> . } UNION { ?uri <http://dbpedia.org/ontology/location> ?x .  ?x <http://dbpedia.org/ontology/country> <http://dbpedia.org/resource/Australia> . } } '}
6,train,267,When was the Titanic completed?,{'sparql': 'SELECT DISTINCT ?date WHERE {  <http://dbpedia.org/resource/RMS_Titanic> <http://dbpedia.org/ontology/completionDate> ?date . } '}
6,train,268,How much did Pulp Fiction cost?,{'sparql': 'SELECT DISTINCT ?n WHERE {  <http://dbpedia.org/resource/Pulp_Fiction> <http://dbpedia.org/ontology/budget> ?n . } '}
6,train,269,How many airlines are there?,{'sparql': 'SELECT (COUNT(DISTINCT ?uri) as ?c) WHERE {  ?uri <http://www.w3.org/1999/02/22-rdf-syntax-ns#type> <http://dbpedia.org/ontology/Airline> . } '}
6,train,270,Who played Agent Smith in Matrix?,{'sparql': 'SELECT DISTINCT ?uri WHERE {  <http://dbpedia.org/resource/Agent_Smith> <http://dbpedia.org/property/portrayer> ?uri . } '}
6,train,271,How much carbs does peanut butter have?,{'sparql': 'SELECT DISTINCT ?carbs WHERE {  <http://dbpedia.org/resource/Peanut_butter> <http://dbpedia.org/property/carbs> ?carbs . } '}
6,train,272,Which book has the most pages?,{'sparql': 'SELECT DISTINCT ?uri WHERE {  ?uri <http://www.w3.org/1999/02/22-rdf-syntax-ns#type> <http://dbpedia.org/ontology/Book> .  ?uri <http://dbpedia.org/ontology/numberOfPages> ?n . } ORDER BY DESC(?n) OFFSET 0 LIMIT 1 '}
6,train,273,Which bridges cross the Seine?,{'sparql': 'SELECT DISTINCT ?uri WHERE {  ?uri <http://www.w3.org/1999/02/22-rdf-syntax-ns#type> <http://dbpedia.org/ontology/Bridge> .  ?uri <http://dbpedia.org/ontology/crosses> <http://dbpedia.org/resource/Seine> . } '}
6,train,274,Who is the mayor of the capital of French Polynesia?,{'sparql': 'SELECT DISTINCT ?uri WHERE {  <http://dbpedia.org/resource/French_Polynesia> <http://dbpedia.org/ontology/capital> ?x .  ?x <http://dbpedia.org/ontology/mayor> ?uri . } '}
6,train,275,When did Dracula's creator die?,{'sparql': 'SELECT DISTINCT ?date WHERE {  <http://dbpedia.org/resource/Count_Dracula> <http://dbpedia.org/ontology/creator> ?x .  ?x <http://dbpedia.org/ontology/deathDate> ?date . } '}
6,train,276,What is the location of the Houses of Parliament?,{'sparql': 'SELECT ?uri WHERE {  <http://dbpedia.org/resource/Palace_of_Westminster> <http://dbpedia.org/ontology/location> ?uri . } '}
6,train,277,Show me all English Gothic buildings in Kent.,{'sparql': 'SELECT ?uri WHERE {  ?uri <http://www.w3.org/1999/02/22-rdf-syntax-ns#type> <http://dbpedia.org/ontology/Building> .  ?uri <http://dbpedia.org/ontology/architecturalStyle> <http://dbpedia.org/resource/English_Gothic_architecture> .  ?uri <http://dbpedia.org/ontology/location> <http://dbpedia.org/resource/Kent> . } '}
6,train,278,Who was the pope that founded the Vatican Television?,{'sparql': 'SELECT ?uri WHERE {  ?uri <http://www.w3.org/1999/02/22-rdf-syntax-ns#type> <http://dbpedia.org/ontology/Pope> .  <http://dbpedia.org/resource/Vatican_Television_Center> <http://dbpedia.org/ontology/foundedBy> ?uri . } '}
6,train,279,What airlines are part of the SkyTeam alliance?,{'sparql': 'SELECT DISTINCT ?uri WHERE {  ?uri <http://www.w3.org/1999/02/22-rdf-syntax-ns#type> <http://dbpedia.org/ontology/Airline> .  { ?uri <http://dbpedia.org/property/alliance> <http://dbpedia.org/resource/SkyTeam> . }  UNION  { ?uri <http://dbpedia.org/ontology/Alliance> <http://dbpedia.org/resource/SkyTeam> . } } '}
6,train,280,"What is the total population of Melbourne, Florida?","{'sparql': 'SELECT ?uri WHERE {  <http://dbpedia.org/resource/Melbourne,_Florida> <http://dbpedia.org/ontology/populationTotal> ?uri . } '}"
6,train,281,Which airports does Yeti Airlines serve?,{'sparql': 'SELECT DISTINCT ?uri WHERE {  <http://dbpedia.org/resource/Yeti_Airlines> <http://dbpedia.org/ontology/targetAirport> ?uri . }'}
6,train,282,In which year was Rachel Stevens born?,{'sparql': 'SELECT DISTINCT ?uri WHERE {  <http://dbpedia.org/resource/Rachel_Stevens> <http://dbpedia.org/ontology/birthYear> ?uri . } '}
6,train,283,Where was JFK assassinated?,{'sparql': 'SELECT DISTINCT ?uri WHERE {  <http://dbpedia.org/resource/John_F._Kennedy> <http://dbpedia.org/ontology/deathPlace> ?uri . } '}
6,train,284,How many politicians graduated from Columbia University?,{'sparql': 'SELECT (COUNT(DISTINCT ?uri) as ?c) WHERE {  ?uri <http://dbpedia.org/ontology/profession> <http://dbpedia.org/resource/Politician> .  ?uri <http://dbpedia.org/ontology/almaMater> <http://dbpedia.org/resource/Columbia_University> . } '}
6,train,285,Which scientist is known for the Manhattan Project and the Nobel Peace Prize?,{'sparql': 'SELECT DISTINCT ?uri WHERE {  ?uri <http://dbpedia.org/ontology/knownFor> <http://dbpedia.org/resource/Manhattan_Project> .  ?uri <http://www.w3.org/1999/02/22-rdf-syntax-ns#type> <http://dbpedia.org/ontology/Scientist> .  ?uri <http://dbpedia.org/ontology/knownFor> <http://dbpedia.org/resource/Nobel_Peace_Prize> . } '}
6,train,286,What is the highest volcano in Africa?,{'sparql': 'SELECT DISTINCT ?uri WHERE {  ?uri <http://www.w3.org/1999/02/22-rdf-syntax-ns#type> <http://dbpedia.org/ontology/Volcano> .  ?uri <http://dbpedia.org/ontology/locatedInArea> ?area .  ?area <http://www.w3.org/1999/02/22-rdf-syntax-ns#type> <http://dbpedia.org/class/yago/AfricanCountries> .  ?uri <http://dbpedia.org/ontology/elevation> ?elevation . } ORDER BY DESC(?elevation) OFFSET 0 LIMIT 1 '}
6,train,287,Which beer originated in Ireland?,"{'sparql': 'SELECT DISTINCT ?uri WHERE {  ?uri <http://dbpedia.org/property/type> <http://dbpedia.org/resource/Beer> .  ?uri <http://dbpedia.org/property/origin> ""Ireland""@en . } '}"
6,train,288,What are the specialities of the UNC Health Care?,{'sparql': 'SELECT DISTINCT ?uri WHERE {  <http://dbpedia.org/resource/UNC_Health_Care> <http://dbpedia.org/property/speciality> ?uri . } '}
6,train,289,Who is the owner of Facebook?,{'sparql': 'SELECT DISTINCT ?uri WHERE {  <http://dbpedia.org/resource/Facebook> <http://dbpedia.org/ontology/foundedBy> ?uri . } '}
6,train,290,From which region is the Melon de Bourgogne?,{'sparql': 'SELECT DISTINCT ?uri WHERE {  <http://dbpedia.org/resource/Melon_de_Bourgogne> <http://dbpedia.org/ontology/wineRegion> ?uri . } '}
6,train,291,Who was influenced by Socrates?,{'sparql': 'SELECT DISTINCT ?uri WHERE {  ?uri <http://dbpedia.org/ontology/influencedBy> <http://dbpedia.org/resource/Socrates> . } '}
6,train,292,Who was president of Pakistan in 1978?,{'sparql': 'SELECT DISTINCT ?uri WHERE {  ?uri <http://dbpedia.org/property/title> <http://dbpedia.org/resource/President_of_Pakistan> .  ?uri <http://dbpedia.org/property/years> 1978 . } '}
6,train,293,Give me English actors starring in Lovesick.,{'sparql': 'SELECT DISTINCT ?uri WHERE {  <http://dbpedia.org/resource/Lovesick> <http://dbpedia.org/ontology/starring> ?uri .  { ?uri <http://dbpedia.org/ontology/birthPlace> <http://dbpedia.org/resource/England> . }  UNION  { ?uri <http://www.w3.org/1999/02/22-rdf-syntax-ns#type> <http://dbpedia.org/class/yago/EnglishFilmActors> . } } '}
6,train,294,Give me all types of eating disorders.,{'sparql': 'SELECT DISTINCT ?uri WHERE {  ?uri <http://www.w3.org/1999/02/22-rdf-syntax-ns#type> <http://dbpedia.org/class/yago/EatingDisorders> . } '}
6,train,295,Who was married to president Chirac?,{'sparql': 'SELECT DISTINCT ?uri WHERE {  <http://dbpedia.org/resource/Jacques_Chirac> <http://dbpedia.org/ontology/spouse> ?uri . } '}
6,train,296,What is the largest metropolitan area in Washington state?,{'sparql': 'SELECT DISTINCT ?uri WHERE {  <http://dbpedia.org/resource/Washington_(state)> <http://dbpedia.org/property/largestmetro> ?uri . } '}
6,train,297,Where in France is sparkling wine produced?,{'sparql': 'SELECT DISTINCT ?uri WHERE {  ?uri <http://dbpedia.org/ontology/wineProduced> <http://dbpedia.org/resource/Sparkling_wine> .  ?uri <http://dbpedia.org/ontology/location> <http://dbpedia.org/resource/France> . } '}
6,train,298,Where did Hillel Slovak die?,{'sparql': 'SELECT DISTINCT ?uri WHERE {  <http://dbpedia.org/resource/Hillel_Slovak> <http://dbpedia.org/ontology/deathPlace> ?uri . } '}
6,train,299,What is the timezone in San Pedro de Atacama?,{'sparql': 'SELECT DISTINCT ?uri WHERE {  <http://dbpedia.org/resource/San_Pedro_de_Atacama> <http://dbpedia.org/ontology/timeZone> ?uri . } '}
6,train,300,In which city does the Chile Route 68 end?,{'sparql': 'SELECT DISTINCT ?uri WHERE {  <http://dbpedia.org/resource/Chile_Route_68> <http://dbpedia.org/ontology/routeEnd> ?uri . } '}
6,train,301,Give me all ESA astronauts.,{'sparql': 'SELECT DISTINCT ?uri WHERE {  ?uri <http://www.w3.org/1999/02/22-rdf-syntax-ns#type> <http://dbpedia.org/ontology/Astronaut> .  ?uri <http://dbpedia.org/ontology/type> <http://dbpedia.org/resource/European_Space_Agency> . } '}
6,train,302,Give me all Swedish holidays.,{'sparql': 'SELECT DISTINCT ?uri WHERE {  ?uri <http://www.w3.org/1999/02/22-rdf-syntax-ns#type> <http://dbpedia.org/ontology/Holiday> .  ?uri <http://dbpedia.org/ontology/country> <http://dbpedia.org/resource/Sweden> . } '}
6,train,303,Who is the youngest Pulitzer Prize winner?,{'sparql': 'SELECT DISTINCT ?uri WHERE {  ?uri <http://dbpedia.org/ontology/award> <http://dbpedia.org/resource/Pulitzer_Prize> .  ?uri <http://dbpedia.org/ontology/birthDate> ?d . } ORDER BY DESC(?d) OFFSET 0 LIMIT 1 '}
6,train,304,Which animals are critically endangered?,"{'sparql': ""SELECT DISTINCT ?uri WHERE {  ?uri <http://www.w3.org/1999/02/22-rdf-syntax-ns#type> <http://dbpedia.org/ontology/Animal> .  ?uri <http://dbpedia.org/ontology/conservationStatus> 'CR'^^<http://www.w3.org/2001/XMLSchema#string> . } ""}"
6,train,305,Which soccer players were born on Malta?,{'sparql': 'SELECT DISTINCT ?uri WHERE {  ?uri <http://www.w3.org/1999/02/22-rdf-syntax-ns#type> <http://dbpedia.org/ontology/SoccerPlayer> .  ?uri <http://dbpedia.org/ontology/birthPlace> <http://dbpedia.org/resource/Malta> . } '}
6,train,306,Did Arnold Schwarzenegger attend a university?,{'sparql': 'ASK WHERE {  <http://dbpedia.org/resource/Arnold_Schwarzenegger> <http://dbpedia.org/ontology/almaMater> ?x .  ?x <http://www.w3.org/1999/02/22-rdf-syntax-ns#type> <http://dbpedia.org/ontology/University> . } '}
6,train,307,Which programming languages were influenced by Perl?,{'sparql': 'SELECT DISTINCT ?uri WHERE {  ?uri <http://www.w3.org/1999/02/22-rdf-syntax-ns#type> <http://dbpedia.org/ontology/ProgrammingLanguage> . { ?uri <http://dbpedia.org/ontology/influencedBy> <http://dbpedia.org/resource/Perl> . } UNION { <http://dbpedia.org/resource/Perl> <http://dbpedia.org/ontology/influenced> ?uri . } } '}
6,train,308,Is Barack Obama a democrat?,{'sparql': 'ASK WHERE {  <http://dbpedia.org/resource/Barack_Obama> <http://dbpedia.org/ontology/party> <http://dbpedia.org/resource/Democratic_Party_(United_States)> . } '}
6,train,309,How many children does Eddie Murphy have?,{'sparql': 'SELECT DISTINCT ?n WHERE {  <http://dbpedia.org/resource/Eddie_Murphy> <http://dbpedia.org/property/children> ?n . } '}
6,train,310,Who is the oldest child of Meryl Streep?,{'sparql': 'SELECT DISTINCT ?uri WHERE {  <http://dbpedia.org/resource/Meryl_Streep> <http://dbpedia.org/ontology/child> ?uri .  ?uri <http://dbpedia.org/ontology/birthDate> ?d . } ORDER BY ASC(?d) OFFSET 0 LIMIT 1 '}
6,train,311,Who killed John Lennon?,{'sparql': 'SELECT DISTINCT ?uri WHERE {  ?uri <http://www.w3.org/1999/02/22-rdf-syntax-ns#type> <http://dbpedia.org/ontology/Person> .  ?uri <http://dbpedia.org/property/conviction> <http://dbpedia.org/resource/Death_of_John_Lennon> . } '}
6,train,313,Which frequent flyer program has the most airlines?,{'sparql': 'SELECT ?uri WHERE {  ?airline <http://www.w3.org/1999/02/22-rdf-syntax-ns#type> <http://dbpedia.org/ontology/Airline> .  ?airline <http://dbpedia.org/property/frequentFlyer> ?uri.  ?uri <http://www.w3.org/1999/02/22-rdf-syntax-ns#type> <http://dbpedia.org/class/yago/FrequentFlyerPrograms> . } ORDER BY DESC(COUNT(DISTINCT ?airline)) OFFSET 0 LIMIT 1 '}
6,train,312,In which city is Air China headquartered?,{'sparql': 'SELECT DISTINCT ?uri WHERE {  <http://dbpedia.org/resource/Air_China> <http://dbpedia.org/ontology/headquarter> ?uri .  ?uri <http://www.w3.org/1999/02/22-rdf-syntax-ns#type> <http://dbpedia.org/class/yago/City108524735> . } '}
6,train,314,Which artists were born on the same date as Rachel Stevens?,{'sparql': 'SELECT DISTINCT ?uri WHERE { ?uri <http://www.w3.org/1999/02/22-rdf-syntax-ns#type> <http://dbpedia.org/ontology/Artist> . <http://dbpedia.org/resource/Rachel_Stevens> <http://dbpedia.org/property/dateOfBirth> ?date . ?uri <http://dbpedia.org/property/dateOfBirth> ?date . } '}
6,train,315,How many scientists graduated from an Ivy League university?,{'sparql': 'SELECT (COUNT(DISTINCT ?uri) as ?c) WHERE { ?uri <http://www.w3.org/1999/02/22-rdf-syntax-ns#type> <http://dbpedia.org/ontology/Scientist> . ?uri <http://dbpedia.org/ontology/almaMater> ?university . ?university <http://dbpedia.org/ontology/affiliation> <http://dbpedia.org/resource/Ivy_League> . } '}
6,train,316,Which types of grapes grow in Oregon?,{'sparql': 'SELECT DISTINCT ?uri WHERE { <http://dbpedia.org/resource/Oregon_wine> <http://dbpedia.org/ontology/growingGrape> ?uri . } '}
6,train,317,Who is starring in Spanish movies produced by Benicio del Toro?,{'sparql': 'SELECT DISTINCT ?uri WHERE { ?film <http://www.w3.org/1999/02/22-rdf-syntax-ns#type> <http://dbpedia.org/ontology/Film> . ?film <http://dbpedia.org/ontology/country> <http://dbpedia.org/resource/Spain> . ?film <http://dbpedia.org/ontology/producer> <http://dbpedia.org/resource/Benicio_del_Toro> . ?film <http://dbpedia.org/ontology/starring> ?uri . ?uri <http://www.w3.org/1999/02/22-rdf-syntax-ns#type> <http://dbpedia.org/ontology/Person> . } '}
6,train,318,Who is the manager of Real Madrid?,{'sparql': 'SELECT DISTINCT ?uri WHERE { <http://dbpedia.org/resource/Real_Madrid_C.F.> <http://dbpedia.org/ontology/manager> ?uri . } '}
6,train,319,Give me the currency of China.,{'sparql': 'SELECT DISTINCT ?uri WHERE { <http://dbpedia.org/resource/China> <http://dbpedia.org/ontology/currency> ?uri . } '}
6,train,320,Which movies starring Mickey Rourke were directed by Guy Ritchie?,{'sparql': 'SELECT DISTINCT ?uri WHERE { ?uri <http://www.w3.org/1999/02/22-rdf-syntax-ns#type> <http://dbpedia.org/ontology/Film> . ?uri <http://dbpedia.org/ontology/starring> <http://dbpedia.org/resource/Mickey_Rourke> . ?uri <http://dbpedia.org/ontology/director> <http://dbpedia.org/resource/Guy_Ritchie> . } '}
6,train,321,Is Darth Vader Lukes father?,"{'sparql': 'ASK WHERE { <http://dbpedia.org/resource/Darth_Vader> <http://dbpedia.org/property/children> ""Luke Skywalker""@en . }'}"
6,train,322,How many companies were founded by the founder of Facebook?,{'sparql': 'SELECT (COUNT(DISTINCT ?uri) as ?c) WHERE {  <http://dbpedia.org/resource/Facebook> <http://dbpedia.org/ontology/foundedBy> ?uri .  ?uri <http://dbpedia.org/ontology/foundedBy> ?uri . } '}
6,train,323,How many companies were founded in the same year as Google?,{'sparql': 'SELECT (COUNT(DISTINCT ?uri) as ?c) WHERE {  ?uri <http://www.w3.org/1999/02/22-rdf-syntax-ns#type> <http://dbpedia.org/ontology/Company> .  ?uri <http://dbpedia.org/ontology/foundingYear> ?year .  <http://dbpedia.org/resource/Google> <http://dbpedia.org/ontology/foundingYear> ?year . } '}
6,train,324,Which subsidiary of TUI Travel serves both Glasgow and Dublin?,{'sparql': 'SELECT DISTINCT ?uri WHERE { <http://dbpedia.org/resource/TUI_Travel> <http://dbpedia.org/ontology/subsidiary> ?uri .  ?uri <http://dbpedia.org/ontology/targetAirport> <http://dbpedia.org/resource/Glasgow_Airport> . ?uri <http://dbpedia.org/ontology/targetAirport> <http://dbpedia.org/resource/Dublin_Airport> . } '}
6,train,325,How many airlines are members of the Star Alliance?,{'sparql': 'SELECT (COUNT(DISTINCT ?uri) as ?c) WHERE {  ?uri <http://www.w3.org/1999/02/22-rdf-syntax-ns#type> <http://dbpedia.org/ontology/Airline> .  ?uri <http://dbpedia.org/property/alliance> <http://dbpedia.org/resource/Star_Alliance> . } '}
6,train,326,Give me all spacecrafts that flew to Mars.,{'sparql': 'SELECT DISTINCT ?uri WHERE {  ?uri <http://www.w3.org/1999/02/22-rdf-syntax-ns#type> <http://dbpedia.org/ontology/Spacecraft> .  ?uri <http://dbpedia.org/property/planet> <http://dbpedia.org/resource/Mars> . } '}
6,train,327,Which musician wrote the most books?,{'sparql': 'SELECT DISTINCT ?uri WHERE {  ?uri <http://dbpedia.org/ontology/occupation> <http://dbpedia.org/resource/Musician> .  ?x <http://dbpedia.org/ontology/author> ?uri .  ?x <http://www.w3.org/1999/02/22-rdf-syntax-ns#type> <http://dbpedia.org/ontology/Book> . } ORDER BY DESC(COUNT(?x)) OFFSET 0 LIMIT 1 '}
6,train,328,Show me everyone who was born on Halloween.,{'sparql': 'SELECT DISTINCT ?uri WHERE {  ?uri <http://www.w3.org/1999/02/22-rdf-syntax-ns#type> <http://dbpedia.org/ontology/Person> . { ?uri <http://dbpedia.org/ontology/birthDate> ?date . } UNION { ?uri <http://dbpedia.org/property/birthDate> ?date . }  <http://dbpedia.org/resource/Halloween> <http://dbpedia.org/property/date> ?date . } '}
6,train,329,Give me all Swiss non-profit organizations.,{'sparql': 'SELECT DISTINCT ?uri WHERE {  ?uri <http://dbpedia.org/ontology/type> <http://dbpedia.org/resource/Nonprofit_organization> . { ?uri <http://dbpedia.org/ontology/locationCountry> <http://dbpedia.org/resource/Switzerland> . } UNION { ?uri <http://dbpedia.org/ontology/location> ?x .  ?x <http://dbpedia.org/ontology/country> <http://dbpedia.org/resource/Switzerland> . } } '}
6,train,330,In which country is Mecca located?,{'sparql': 'SELECT DISTINCT ?uri WHERE {  <http://dbpedia.org/resource/Mecca> <http://dbpedia.org/ontology/country> ?uri . } '}
6,train,331,What is the net income of Apple?,{'sparql': 'SELECT DISTINCT ?ni WHERE {  <http://dbpedia.org/resource/Apple_Inc.> <http://dbpedia.org/ontology/netIncome> ?ni . } '}
6,train,332,What does the abbreviation FIFA stand for?,{'sparql': 'SELECT DISTINCT ?name WHERE {  <http://dbpedia.org/resource/FIFA> <http://dbpedia.org/property/name> ?name . } '}
6,train,333,When did the Ming dynasty dissolve?,{'sparql': 'SELECT DISTINCT ?date WHERE {  <http://dbpedia.org/resource/Ming_dynasty> <http://dbpedia.org/property/dateEnd> ?date . } '}
6,train,334,Which museum in New York has the most visitors?,{'sparql': 'SELECT DISTINCT ?uri WHERE {  ?uri <http://www.w3.org/1999/02/22-rdf-syntax-ns#type> <http://dbpedia.org/ontology/Museum> .  ?uri <http://dbpedia.org/ontology/location> <http://dbpedia.org/resource/New_York_City> .  ?uri <http://dbpedia.org/ontology/numberOfVisitors> ?num . } ORDER BY DESC(?num) OFFSET 0 LIMIT 1 '}
6,train,335,Is Lake Baikal bigger than the Great Bear Lake?,{'sparql': 'ASK WHERE {  <http://dbpedia.org/resource/Lake_Baikal> <http://dbpedia.org/ontology/areaTotal> ?a1 .  <http://dbpedia.org/resource/Great_Bear_Lake> <http://dbpedia.org/ontology/areaTotal> ?a2 .  FILTER (?a1 > ?a2) } '}
6,train,336,Desserts from which country contain fish?,{'sparql': 'SELECT DISTINCT ?uri WHERE {  ?x <http://dbpedia.org/ontology/type> <http://dbpedia.org/resource/Dessert> .  ?x <http://dbpedia.org/ontology/origin> ?uri .  ?x <http://dbpedia.org/ontology/ingredient> <http://dbpedia.org/resource/Fish> . } '}
6,train,337,What is the highest mountain in Italy?,{'sparql': 'SELECT DISTINCT ?uri WHERE {  ?uri <http://www.w3.org/1999/02/22-rdf-syntax-ns#type> <http://dbpedia.org/ontology/Mountain> .  ?uri <http://dbpedia.org/ontology/locatedInArea> <http://dbpedia.org/resource/Italy> .  ?uri <http://dbpedia.org/ontology/elevation> ?num . } ORDER BY DESC(?num) OFFSET 0 LIMIT 1 '}
6,train,338,Where did the architect of the Eiffel Tower study?,{'sparql': 'SELECT DISTINCT ?uri WHERE {  <http://dbpedia.org/resource/Eiffel_Tower> <http://dbpedia.org/ontology/architect> ?x .  ?x <http://dbpedia.org/property/almaMater> ?uri . } '}
6,train,339,Which Greek parties are pro-European?,{'sparql': 'SELECT DISTINCT ?uri WHERE {  ?uri <http://www.w3.org/1999/02/22-rdf-syntax-ns#type> <http://dbpedia.org/ontology/PoliticalParty> .  ?uri <http://dbpedia.org/ontology/country> <http://dbpedia.org/resource/Greece> .  ?uri <http://dbpedia.org/ontology/ideology> <http://dbpedia.org/resource/Pro-Europeanism> . } '}
6,train,340,What is the height difference between Mount Everest and K2?,{'sparql': 'SELECT DISTINCT (?h1-?h2) WHERE {  <http://dbpedia.org/resource/Mount_Everest> <http://dbpedia.org/ontology/elevation> ?h1 .  <http://dbpedia.org/resource/K2> <http://dbpedia.org/ontology/elevation> ?h2 . } '}
6,train,341,Who is the mayor of Rotterdam?,{'sparql': 'SELECT DISTINCT ?uri WHERE {  <http://dbpedia.org/resource/Rotterdam> <http://dbpedia.org/ontology/leaderName> ?uri . } '}
6,train,342,In which city were the parents of Che Guevara born?,{}
6,train,343,How high is the lighthouse in Colombo?,{'sparql': 'SELECT DISTINCT ?num WHERE {  <http://dbpedia.org/resource/Colombo_Lighthouse> <http://dbpedia.org/ontology/height> ?num . } '}
6,train,344,Are Taiko a kind of Japanese musical instruments?,{'sparql': 'ASK WHERE {  <http://dbpedia.org/resource/Taiko> <http://www.w3.org/1999/02/22-rdf-syntax-ns#type> <http://dbpedia.org/class/yago/JapaneseMusicalInstruments> . } '}
6,train,345,How many ethnic groups live in Slovenia?,{'sparql': 'SELECT (COUNT(DISTINCT ?uri) as ?c) WHERE {  <http://dbpedia.org/resource/Slovenia> <http://dbpedia.org/ontology/ethnicGroup> ?uri . } '}
6,train,346,List the seven kings of Rome.,{'sparql': 'SELECT DISTINCT ?uri WHERE {  ?uri <http://dbpedia.org/property/title> <http://dbpedia.org/resource/King_of_Rome> . } '}
6,train,347,Who were the parents of Queen Victoria?,{'sparql': 'SELECT DISTINCT ?uri WHERE {  <http://dbpedia.org/resource/Queen_Victoria> <http://dbpedia.org/ontology/parent> ?uri . } '}
6,train,348,Who is the heaviest player of the Chicago Bulls?,{'sparql': 'SELECT DISTINCT ?uri WHERE {  ?uri <http://www.w3.org/1999/02/22-rdf-syntax-ns#type> <http://dbpedia.org/ontology/Person> .  ?uri <http://dbpedia.org/ontology/weight> ?num . { ?uri <http://dbpedia.org/property/team> <http://dbpedia.org/resource/Chicago_Bulls> . } UNION { ?uri <http://dbpedia.org/property/draftTeam> <http://dbpedia.org/resource/Chicago_Bulls> . } UNION { ?uri <http://dbpedia.org/ontology/draftTeam> <http://dbpedia.org/resource/Chicago_Bulls> . } } ORDER BY DESC(?num) OFFSET 0 LIMIT 1 '}
6,train,349,Which volcanos in Japan erupted since 2000?,{'sparql': 'SELECT DISTINCT ?uri WHERE {  ?uri <http://www.w3.org/1999/02/22-rdf-syntax-ns#type> <http://dbpedia.org/ontology/Volcano> .  ?uri <http://dbpedia.org/ontology/locatedInArea> <http://dbpedia.org/resource/Japan> .  ?uri <http://dbpedia.org/ontology/eruptionYear> ?date .  FILTER (year(?date) >= 2000) } '}
6,train,350,Who is the tallest basketball player?,{'sparql': 'SELECT DISTINCT ?uri WHERE {  ?uri <http://www.w3.org/1999/02/22-rdf-syntax-ns#type> <http://dbpedia.org/ontology/BasketballPlayer> .  ?uri <http://dbpedia.org/ontology/height> ?num . } ORDER BY DESC(?num) OFFSET 0 LIMIT 1 '}
